"Woningtype";"Bouwjaarklasse";"Perioden";"Regio's";"Beginstand woningvoorraad (aantal)";"Gemiddelde oppervlakte (m2)"
"Totaal";"Totaal";"2012";"Nederland";7386743;119
"Totaal";"Totaal";"2013";"Nederland";7449298;120
"Totaal";"Totaal";"2014";"Nederland";7535316;119
"Totaal";"Totaal";"2015";"Nederland";7587964;119
"Totaal";"Totaal";"2016";"Nederland";7641323;119
"Totaal";"Totaal";"2017";"Nederland";7686178;119
"Totaal";"Totaal";"2018";"Nederland";7740984;119
"Totaal";"Totaal";"2019";"Nederland";7814912;119
"Totaal";"Totaal";"2020";"Nederland";7891786;119
"Totaal";"Totaal";"2021";"Nederland";7966331;119
"Totaal";"Totaal";"2022";"Nederland";8045580;120
"Totaal";"Totaal";"2023";"Nederland";8125229;120
"Totaal";"Totaal";"2024";"Nederland";8204049;120
"Totaal";"Totaal";"2025";"Nederland";8274478;120
"Totaal";"Totaal";"2026";"Nederland";8344953;120
"Totaal";"Totaal";"2012";"Amsterdam";408888;73
"Totaal";"Totaal";"2013";"Amsterdam";411127;74
"Totaal";"Totaal";"2014";"Amsterdam";413697;75
"Totaal";"Totaal";"2015";"Amsterdam";416966;75
"Totaal";"Totaal";"2016";"Amsterdam";424390;75
"Totaal";"Totaal";"2017";"Amsterdam";428035;75
"Totaal";"Totaal";"2018";"Amsterdam";432715;76
"Totaal";"Totaal";"2019";"Amsterdam";441490;76
"Totaal";"Totaal";"2020";"Amsterdam";447351;76
"Totaal";"Totaal";"2021";"Amsterdam";449989;76
"Totaal";"Totaal";"2022";"Amsterdam";458397;76
"Totaal";"Totaal";"2023";"Amsterdam";474866;77
"Totaal";"Totaal";"2024";"Amsterdam";480852;77
"Totaal";"Totaal";"2025";"Amsterdam";486769;77
"Totaal";"Totaal";"2026";"Amsterdam";494449;77
"Totaal";"Totaal";"2012";"'s-Gravenhage (gemeente)";241376;96
"Totaal";"Totaal";"2013";"'s-Gravenhage (gemeente)";244880;95
"Totaal";"Totaal";"2014";"'s-Gravenhage (gemeente)";249994;94
"Totaal";"Totaal";"2015";"'s-Gravenhage (gemeente)";251374;94
"Totaal";"Totaal";"2016";"'s-Gravenhage (gemeente)";253210;94
"Totaal";"Totaal";"2017";"'s-Gravenhage (gemeente)";255103;94
"Totaal";"Totaal";"2018";"'s-Gravenhage (gemeente)";256694;94
"Totaal";"Totaal";"2019";"'s-Gravenhage (gemeente)";259264;94
"Totaal";"Totaal";"2020";"'s-Gravenhage (gemeente)";262492;94
"Totaal";"Totaal";"2021";"'s-Gravenhage (gemeente)";265959;94
"Totaal";"Totaal";"2022";"'s-Gravenhage (gemeente)";267654;94
"Totaal";"Totaal";"2023";"'s-Gravenhage (gemeente)";270220;94
"Totaal";"Totaal";"2024";"'s-Gravenhage (gemeente)";272242;94
"Totaal";"Totaal";"2025";"'s-Gravenhage (gemeente)";274171;95
"Totaal";"Totaal";"2026";"'s-Gravenhage (gemeente)";274725;95
"Totaal";"Totaal";"2012";"Rotterdam";306222;91
"Totaal";"Totaal";"2013";"Rotterdam";307349;92
"Totaal";"Totaal";"2014";"Rotterdam";308291;91
"Totaal";"Totaal";"2015";"Rotterdam";311324;90
"Totaal";"Totaal";"2016";"Rotterdam";311168;90
"Totaal";"Totaal";"2017";"Rotterdam";309693;90
"Totaal";"Totaal";"2018";"Rotterdam";311336;90
"Totaal";"Totaal";"2019";"Rotterdam";311597;90
"Totaal";"Totaal";"2020";"Rotterdam";315561;90
"Totaal";"Totaal";"2021";"Rotterdam";317945;90
"Totaal";"Totaal";"2022";"Rotterdam";319210;90
"Totaal";"Totaal";"2023";"Rotterdam";321282;90
"Totaal";"Totaal";"2024";"Rotterdam";324597;90
"Totaal";"Totaal";"2025";"Rotterdam";328408;90
"Totaal";"Totaal";"2026";"Rotterdam";330620;91
"Totaal";"Totaal";"2012";"Utrecht (gemeente)";142976;96
"Totaal";"Totaal";"2013";"Utrecht (gemeente)";145123;96
"Totaal";"Totaal";"2014";"Utrecht (gemeente)";146329;96
"Totaal";"Totaal";"2015";"Utrecht (gemeente)";147511;96
"Totaal";"Totaal";"2016";"Utrecht (gemeente)";149322;97
"Totaal";"Totaal";"2017";"Utrecht (gemeente)";151409;96
"Totaal";"Totaal";"2018";"Utrecht (gemeente)";150831;97
"Totaal";"Totaal";"2019";"Utrecht (gemeente)";153845;97
"Totaal";"Totaal";"2020";"Utrecht (gemeente)";156678;97
"Totaal";"Totaal";"2021";"Utrecht (gemeente)";159671;96
"Totaal";"Totaal";"2022";"Utrecht (gemeente)";162451;95
"Totaal";"Totaal";"2023";"Utrecht (gemeente)";165400;95
"Totaal";"Totaal";"2024";"Utrecht (gemeente)";167124;95
"Totaal";"Totaal";"2025";"Utrecht (gemeente)";168736;95
"Totaal";"Totaal";"2026";"Utrecht (gemeente)";171457;94
"Totaal";"1000 tot 1850";"2012";"Nederland";76805;149
"Totaal";"1000 tot 1850";"2013";"Nederland";77434;147
"Totaal";"1000 tot 1850";"2014";"Nederland";75324;149
"Totaal";"1000 tot 1850";"2015";"Nederland";70482;156
"Totaal";"1000 tot 1850";"2016";"Nederland";71046;156
"Totaal";"1000 tot 1850";"2017";"Nederland";70621;157
"Totaal";"1000 tot 1850";"2018";"Nederland";71332;156
"Totaal";"1000 tot 1850";"2019";"Nederland";72393;155
"Totaal";"1000 tot 1850";"2020";"Nederland";73130;155
"Totaal";"1000 tot 1850";"2021";"Nederland";73672;155
"Totaal";"1000 tot 1850";"2022";"Nederland";67190;166
"Totaal";"1000 tot 1850";"2023";"Nederland";68063;166
"Totaal";"1000 tot 1850";"2024";"Nederland";68714;166
"Totaal";"1000 tot 1850";"2025";"Nederland";69405;165
"Totaal";"1000 tot 1850";"2026";"Nederland";72005;163
"Totaal";"1000 tot 1850";"2012";"Amsterdam";29673;71
"Totaal";"1000 tot 1850";"2013";"Amsterdam";29749;77
"Totaal";"1000 tot 1850";"2014";"Amsterdam";26950;78
"Totaal";"1000 tot 1850";"2015";"Amsterdam";21640;81
"Totaal";"1000 tot 1850";"2016";"Amsterdam";21732;82
"Totaal";"1000 tot 1850";"2017";"Amsterdam";21057;83
"Totaal";"1000 tot 1850";"2018";"Amsterdam";21137;83
"Totaal";"1000 tot 1850";"2019";"Amsterdam";21375;84
"Totaal";"1000 tot 1850";"2020";"Amsterdam";21445;84
"Totaal";"1000 tot 1850";"2021";"Amsterdam";21455;85
"Totaal";"1000 tot 1850";"2022";"Amsterdam";14500;93
"Totaal";"1000 tot 1850";"2023";"Amsterdam";14881;94
"Totaal";"1000 tot 1850";"2024";"Amsterdam";14909;93
"Totaal";"1000 tot 1850";"2025";"Amsterdam";14936;94
"Totaal";"1000 tot 1850";"2026";"Amsterdam";15163;93
"Totaal";"1000 tot 1850";"2012";"'s-Gravenhage (gemeente)";1495;111
"Totaal";"1000 tot 1850";"2013";"'s-Gravenhage (gemeente)";1522;108
"Totaal";"1000 tot 1850";"2014";"'s-Gravenhage (gemeente)";1536;107
"Totaal";"1000 tot 1850";"2015";"'s-Gravenhage (gemeente)";1555;107
"Totaal";"1000 tot 1850";"2016";"'s-Gravenhage (gemeente)";1550;107
"Totaal";"1000 tot 1850";"2017";"'s-Gravenhage (gemeente)";1421;111
"Totaal";"1000 tot 1850";"2018";"'s-Gravenhage (gemeente)";1440;111
"Totaal";"1000 tot 1850";"2019";"'s-Gravenhage (gemeente)";1453;112
"Totaal";"1000 tot 1850";"2020";"'s-Gravenhage (gemeente)";1455;113
"Totaal";"1000 tot 1850";"2021";"'s-Gravenhage (gemeente)";1449;112
"Totaal";"1000 tot 1850";"2022";"'s-Gravenhage (gemeente)";1465;111
"Totaal";"1000 tot 1850";"2023";"'s-Gravenhage (gemeente)";1510;109
"Totaal";"1000 tot 1850";"2024";"'s-Gravenhage (gemeente)";1521;110
"Totaal";"1000 tot 1850";"2025";"'s-Gravenhage (gemeente)";1529;110
"Totaal";"1000 tot 1850";"2026";"'s-Gravenhage (gemeente)";1536;109
"Totaal";"1000 tot 1850";"2012";"Rotterdam";20;147
"Totaal";"1000 tot 1850";"2013";"Rotterdam";20;177
"Totaal";"1000 tot 1850";"2014";"Rotterdam";20;177
"Totaal";"1000 tot 1850";"2015";"Rotterdam";20;179
"Totaal";"1000 tot 1850";"2016";"Rotterdam";21;173
"Totaal";"1000 tot 1850";"2017";"Rotterdam";21;174
"Totaal";"1000 tot 1850";"2018";"Rotterdam";21;174
"Totaal";"1000 tot 1850";"2019";"Rotterdam";21;174
"Totaal";"1000 tot 1850";"2020";"Rotterdam";21;174
"Totaal";"1000 tot 1850";"2021";"Rotterdam";21;174
"Totaal";"1000 tot 1850";"2022";"Rotterdam";21;175
"Totaal";"1000 tot 1850";"2023";"Rotterdam";21;175
"Totaal";"1000 tot 1850";"2024";"Rotterdam";21;175
"Totaal";"1000 tot 1850";"2025";"Rotterdam";20;156
"Totaal";"1000 tot 1850";"2026";"Rotterdam";25;134
"Totaal";"1000 tot 1850";"2012";"Utrecht (gemeente)";2480;112
"Totaal";"1000 tot 1850";"2013";"Utrecht (gemeente)";2491;112
"Totaal";"1000 tot 1850";"2014";"Utrecht (gemeente)";2508;112
"Totaal";"1000 tot 1850";"2015";"Utrecht (gemeente)";2527;112
"Totaal";"1000 tot 1850";"2016";"Utrecht (gemeente)";2539;112
"Totaal";"1000 tot 1850";"2017";"Utrecht (gemeente)";2540;111
"Totaal";"1000 tot 1850";"2018";"Utrecht (gemeente)";2521;112
"Totaal";"1000 tot 1850";"2019";"Utrecht (gemeente)";2587;111
"Totaal";"1000 tot 1850";"2020";"Utrecht (gemeente)";2660;110
"Totaal";"1000 tot 1850";"2021";"Utrecht (gemeente)";2619;110
"Totaal";"1000 tot 1850";"2022";"Utrecht (gemeente)";2562;111
"Totaal";"1000 tot 1850";"2023";"Utrecht (gemeente)";2594;111
"Totaal";"1000 tot 1850";"2024";"Utrecht (gemeente)";2647;109
"Totaal";"1000 tot 1850";"2025";"Utrecht (gemeente)";2724;106
"Totaal";"1000 tot 1850";"2026";"Utrecht (gemeente)";2739;107
"Totaal";"1945 tot 1955";"2012";"Nederland";372297;108
"Totaal";"1945 tot 1955";"2013";"Nederland";370738;108
"Totaal";"1945 tot 1955";"2014";"Nederland";369091;108
"Totaal";"1945 tot 1955";"2015";"Nederland";367606;108
"Totaal";"1945 tot 1955";"2016";"Nederland";365436;108
"Totaal";"1945 tot 1955";"2017";"Nederland";363860;108
"Totaal";"1945 tot 1955";"2018";"Nederland";361997;109
"Totaal";"1945 tot 1955";"2019";"Nederland";360175;109
"Totaal";"1945 tot 1955";"2020";"Nederland";358620;109
"Totaal";"1945 tot 1955";"2021";"Nederland";357266;109
"Totaal";"1945 tot 1955";"2022";"Nederland";355957;110
"Totaal";"1945 tot 1955";"2023";"Nederland";354968;110
"Totaal";"1945 tot 1955";"2024";"Nederland";354225;109
"Totaal";"1945 tot 1955";"2025";"Nederland";352783;109
"Totaal";"1945 tot 1955";"2026";"Nederland";351109;110
"Totaal";"1945 tot 1955";"2012";"Amsterdam";16861;58
"Totaal";"1945 tot 1955";"2013";"Amsterdam";16862;58
"Totaal";"1945 tot 1955";"2014";"Amsterdam";16798;59
"Totaal";"1945 tot 1955";"2015";"Amsterdam";16986;60
"Totaal";"1945 tot 1955";"2016";"Amsterdam";16730;60
"Totaal";"1945 tot 1955";"2017";"Amsterdam";16729;60
"Totaal";"1945 tot 1955";"2018";"Amsterdam";16505;61
"Totaal";"1945 tot 1955";"2019";"Amsterdam";16328;61
"Totaal";"1945 tot 1955";"2020";"Amsterdam";15989;62
"Totaal";"1945 tot 1955";"2021";"Amsterdam";16010;62
"Totaal";"1945 tot 1955";"2022";"Amsterdam";16022;62
"Totaal";"1945 tot 1955";"2023";"Amsterdam";16408;63
"Totaal";"1945 tot 1955";"2024";"Amsterdam";16435;63
"Totaal";"1945 tot 1955";"2025";"Amsterdam";16445;63
"Totaal";"1945 tot 1955";"2026";"Amsterdam";16167;65
"Totaal";"1945 tot 1955";"2012";"'s-Gravenhage (gemeente)";16000;73
"Totaal";"1945 tot 1955";"2013";"'s-Gravenhage (gemeente)";15974;73
"Totaal";"1945 tot 1955";"2014";"'s-Gravenhage (gemeente)";16111;73
"Totaal";"1945 tot 1955";"2015";"'s-Gravenhage (gemeente)";16213;73
"Totaal";"1945 tot 1955";"2016";"'s-Gravenhage (gemeente)";16213;73
"Totaal";"1945 tot 1955";"2017";"'s-Gravenhage (gemeente)";16108;73
"Totaal";"1945 tot 1955";"2018";"'s-Gravenhage (gemeente)";16086;73
"Totaal";"1945 tot 1955";"2019";"'s-Gravenhage (gemeente)";16094;73
"Totaal";"1945 tot 1955";"2020";"'s-Gravenhage (gemeente)";16132;73
"Totaal";"1945 tot 1955";"2021";"'s-Gravenhage (gemeente)";16080;73
"Totaal";"1945 tot 1955";"2022";"'s-Gravenhage (gemeente)";15821;74
"Totaal";"1945 tot 1955";"2023";"'s-Gravenhage (gemeente)";15616;74
"Totaal";"1945 tot 1955";"2024";"'s-Gravenhage (gemeente)";15606;74
"Totaal";"1945 tot 1955";"2025";"'s-Gravenhage (gemeente)";15609;74
"Totaal";"1945 tot 1955";"2026";"'s-Gravenhage (gemeente)";15606;74
"Totaal";"1945 tot 1955";"2012";"Rotterdam";17471;73
"Totaal";"1945 tot 1955";"2013";"Rotterdam";17574;73
"Totaal";"1945 tot 1955";"2014";"Rotterdam";17533;71
"Totaal";"1945 tot 1955";"2015";"Rotterdam";17564;71
"Totaal";"1945 tot 1955";"2016";"Rotterdam";17399;71
"Totaal";"1945 tot 1955";"2017";"Rotterdam";17263;71
"Totaal";"1945 tot 1955";"2018";"Rotterdam";17136;71
"Totaal";"1945 tot 1955";"2019";"Rotterdam";16917;71
"Totaal";"1945 tot 1955";"2020";"Rotterdam";17107;72
"Totaal";"1945 tot 1955";"2021";"Rotterdam";17129;72
"Totaal";"1945 tot 1955";"2022";"Rotterdam";17137;72
"Totaal";"1945 tot 1955";"2023";"Rotterdam";17164;72
"Totaal";"1945 tot 1955";"2024";"Rotterdam";17026;72
"Totaal";"1945 tot 1955";"2025";"Rotterdam";16935;72
"Totaal";"1945 tot 1955";"2026";"Rotterdam";16808;72
"Totaal";"1945 tot 1955";"2012";"Utrecht (gemeente)";5218;78
"Totaal";"1945 tot 1955";"2013";"Utrecht (gemeente)";5219;79
"Totaal";"1945 tot 1955";"2014";"Utrecht (gemeente)";5216;78
"Totaal";"1945 tot 1955";"2015";"Utrecht (gemeente)";5234;78
"Totaal";"1945 tot 1955";"2016";"Utrecht (gemeente)";5235;78
"Totaal";"1945 tot 1955";"2017";"Utrecht (gemeente)";5257;78
"Totaal";"1945 tot 1955";"2018";"Utrecht (gemeente)";5186;78
"Totaal";"1945 tot 1955";"2019";"Utrecht (gemeente)";5191;79
"Totaal";"1945 tot 1955";"2020";"Utrecht (gemeente)";5146;79
"Totaal";"1945 tot 1955";"2021";"Utrecht (gemeente)";5157;80
"Totaal";"1945 tot 1955";"2022";"Utrecht (gemeente)";5155;79
"Totaal";"1945 tot 1955";"2023";"Utrecht (gemeente)";5111;79
"Totaal";"1945 tot 1955";"2024";"Utrecht (gemeente)";5082;78
"Totaal";"1945 tot 1955";"2025";"Utrecht (gemeente)";4883;79
"Totaal";"1945 tot 1955";"2026";"Utrecht (gemeente)";4774;79
"Totaal";"1985 tot 1995";"2012";"Nederland";1004001;115
"Totaal";"1985 tot 1995";"2013";"Nederland";1003671;115
"Totaal";"1985 tot 1995";"2014";"Nederland";1010317;114
"Totaal";"1985 tot 1995";"2015";"Nederland";1013086;114
"Totaal";"1985 tot 1995";"2016";"Nederland";1016491;114
"Totaal";"1985 tot 1995";"2017";"Nederland";1018131;114
"Totaal";"1985 tot 1995";"2018";"Nederland";1019713;114
"Totaal";"1985 tot 1995";"2019";"Nederland";1020370;114
"Totaal";"1985 tot 1995";"2020";"Nederland";1022792;114
"Totaal";"1985 tot 1995";"2021";"Nederland";1024788;114
"Totaal";"1985 tot 1995";"2022";"Nederland";1026729;114
"Totaal";"1985 tot 1995";"2023";"Nederland";1028315;115
"Totaal";"1985 tot 1995";"2024";"Nederland";1029741;115
"Totaal";"1985 tot 1995";"2025";"Nederland";1030267;115
"Totaal";"1985 tot 1995";"2026";"Nederland";1030884;115
"Totaal";"1985 tot 1995";"2012";"Amsterdam";41778;76
"Totaal";"1985 tot 1995";"2013";"Amsterdam";41886;76
"Totaal";"1985 tot 1995";"2014";"Amsterdam";41783;77
"Totaal";"1985 tot 1995";"2015";"Amsterdam";42097;77
"Totaal";"1985 tot 1995";"2016";"Amsterdam";42485;77
"Totaal";"1985 tot 1995";"2017";"Amsterdam";43000;77
"Totaal";"1985 tot 1995";"2018";"Amsterdam";44040;77
"Totaal";"1985 tot 1995";"2019";"Amsterdam";44153;77
"Totaal";"1985 tot 1995";"2020";"Amsterdam";44747;77
"Totaal";"1985 tot 1995";"2021";"Amsterdam";45110;77
"Totaal";"1985 tot 1995";"2022";"Amsterdam";45263;77
"Totaal";"1985 tot 1995";"2023";"Amsterdam";45945;77
"Totaal";"1985 tot 1995";"2024";"Amsterdam";46570;77
"Totaal";"1985 tot 1995";"2025";"Amsterdam";46976;77
"Totaal";"1985 tot 1995";"2026";"Amsterdam";47362;77
"Totaal";"1985 tot 1995";"2012";"'s-Gravenhage (gemeente)";20643;83
"Totaal";"1985 tot 1995";"2013";"'s-Gravenhage (gemeente)";21252;82
"Totaal";"1985 tot 1995";"2014";"'s-Gravenhage (gemeente)";22031;81
"Totaal";"1985 tot 1995";"2015";"'s-Gravenhage (gemeente)";22162;80
"Totaal";"1985 tot 1995";"2016";"'s-Gravenhage (gemeente)";22169;80
"Totaal";"1985 tot 1995";"2017";"'s-Gravenhage (gemeente)";22491;80
"Totaal";"1985 tot 1995";"2018";"'s-Gravenhage (gemeente)";22482;80
"Totaal";"1985 tot 1995";"2019";"'s-Gravenhage (gemeente)";22507;80
"Totaal";"1985 tot 1995";"2020";"'s-Gravenhage (gemeente)";22508;80
"Totaal";"1985 tot 1995";"2021";"'s-Gravenhage (gemeente)";22557;81
"Totaal";"1985 tot 1995";"2022";"'s-Gravenhage (gemeente)";22584;81
"Totaal";"1985 tot 1995";"2023";"'s-Gravenhage (gemeente)";22357;81
"Totaal";"1985 tot 1995";"2024";"'s-Gravenhage (gemeente)";22371;81
"Totaal";"1985 tot 1995";"2025";"'s-Gravenhage (gemeente)";22389;81
"Totaal";"1985 tot 1995";"2026";"'s-Gravenhage (gemeente)";22384;81
"Totaal";"1985 tot 1995";"2012";"Rotterdam";39251;91
"Totaal";"1985 tot 1995";"2013";"Rotterdam";39237;91
"Totaal";"1985 tot 1995";"2014";"Rotterdam";39163;91
"Totaal";"1985 tot 1995";"2015";"Rotterdam";40360;89
"Totaal";"1985 tot 1995";"2016";"Rotterdam";40330;89
"Totaal";"1985 tot 1995";"2017";"Rotterdam";39706;89
"Totaal";"1985 tot 1995";"2018";"Rotterdam";39829;89
"Totaal";"1985 tot 1995";"2019";"Rotterdam";39919;89
"Totaal";"1985 tot 1995";"2020";"Rotterdam";39920;89
"Totaal";"1985 tot 1995";"2021";"Rotterdam";39966;88
"Totaal";"1985 tot 1995";"2022";"Rotterdam";39964;88
"Totaal";"1985 tot 1995";"2023";"Rotterdam";40018;88
"Totaal";"1985 tot 1995";"2024";"Rotterdam";40098;88
"Totaal";"1985 tot 1995";"2025";"Rotterdam";40125;88
"Totaal";"1985 tot 1995";"2026";"Rotterdam";40156;88
"Totaal";"1985 tot 1995";"2012";"Utrecht (gemeente)";11576;87
"Totaal";"1985 tot 1995";"2013";"Utrecht (gemeente)";11574;87
"Totaal";"1985 tot 1995";"2014";"Utrecht (gemeente)";11656;86
"Totaal";"1985 tot 1995";"2015";"Utrecht (gemeente)";11662;87
"Totaal";"1985 tot 1995";"2016";"Utrecht (gemeente)";11667;87
"Totaal";"1985 tot 1995";"2017";"Utrecht (gemeente)";11677;87
"Totaal";"1985 tot 1995";"2018";"Utrecht (gemeente)";11904;86
"Totaal";"1985 tot 1995";"2019";"Utrecht (gemeente)";11948;86
"Totaal";"1985 tot 1995";"2020";"Utrecht (gemeente)";12038;86
"Totaal";"1985 tot 1995";"2021";"Utrecht (gemeente)";12168;86
"Totaal";"1985 tot 1995";"2022";"Utrecht (gemeente)";12094;85
"Totaal";"1985 tot 1995";"2023";"Utrecht (gemeente)";12091;86
"Totaal";"1985 tot 1995";"2024";"Utrecht (gemeente)";12272;85
"Totaal";"1985 tot 1995";"2025";"Utrecht (gemeente)";12315;85
"Totaal";"1985 tot 1995";"2026";"Utrecht (gemeente)";12193;85
"Totaal";"1995 tot 2005";"2012";"Nederland";826390;132
"Totaal";"1995 tot 2005";"2013";"Nederland";826600;132
"Totaal";"1995 tot 2005";"2014";"Nederland";829376;132
"Totaal";"1995 tot 2005";"2015";"Nederland";830779;131
"Totaal";"1995 tot 2005";"2016";"Nederland";831875;131
"Totaal";"1995 tot 2005";"2017";"Nederland";832463;131
"Totaal";"1995 tot 2005";"2018";"Nederland";831209;131
"Totaal";"1995 tot 2005";"2019";"Nederland";832269;131
"Totaal";"1995 tot 2005";"2020";"Nederland";833130;131
"Totaal";"1995 tot 2005";"2021";"Nederland";834929;131
"Totaal";"1995 tot 2005";"2022";"Nederland";836283;132
"Totaal";"1995 tot 2005";"2023";"Nederland";836602;132
"Totaal";"1995 tot 2005";"2024";"Nederland";836970;132
"Totaal";"1995 tot 2005";"2025";"Nederland";837126;132
"Totaal";"1995 tot 2005";"2026";"Nederland";837568;132
"Totaal";"1995 tot 2005";"2012";"Amsterdam";29740;99
"Totaal";"1995 tot 2005";"2013";"Amsterdam";29668;99
"Totaal";"1995 tot 2005";"2014";"Amsterdam";29754;99
"Totaal";"1995 tot 2005";"2015";"Amsterdam";30031;99
"Totaal";"1995 tot 2005";"2016";"Amsterdam";30580;97
"Totaal";"1995 tot 2005";"2017";"Amsterdam";31125;97
"Totaal";"1995 tot 2005";"2018";"Amsterdam";31424;97
"Totaal";"1995 tot 2005";"2019";"Amsterdam";31725;97
"Totaal";"1995 tot 2005";"2020";"Amsterdam";32235;97
"Totaal";"1995 tot 2005";"2021";"Amsterdam";32164;97
"Totaal";"1995 tot 2005";"2022";"Amsterdam";32767;96
"Totaal";"1995 tot 2005";"2023";"Amsterdam";33234;97
"Totaal";"1995 tot 2005";"2024";"Amsterdam";33650;96
"Totaal";"1995 tot 2005";"2025";"Amsterdam";32778;97
"Totaal";"1995 tot 2005";"2026";"Amsterdam";32760;97
"Totaal";"1995 tot 2005";"2012";"'s-Gravenhage (gemeente)";29428;114
"Totaal";"1995 tot 2005";"2013";"'s-Gravenhage (gemeente)";29695;113
"Totaal";"1995 tot 2005";"2014";"'s-Gravenhage (gemeente)";29545;113
"Totaal";"1995 tot 2005";"2015";"'s-Gravenhage (gemeente)";29669;113
"Totaal";"1995 tot 2005";"2016";"'s-Gravenhage (gemeente)";29675;113
"Totaal";"1995 tot 2005";"2017";"'s-Gravenhage (gemeente)";29732;113
"Totaal";"1995 tot 2005";"2018";"'s-Gravenhage (gemeente)";29947;113
"Totaal";"1995 tot 2005";"2019";"'s-Gravenhage (gemeente)";30251;113
"Totaal";"1995 tot 2005";"2020";"'s-Gravenhage (gemeente)";30330;113
"Totaal";"1995 tot 2005";"2021";"'s-Gravenhage (gemeente)";30440;113
"Totaal";"1995 tot 2005";"2022";"'s-Gravenhage (gemeente)";30493;113
"Totaal";"1995 tot 2005";"2023";"'s-Gravenhage (gemeente)";30496;113
"Totaal";"1995 tot 2005";"2024";"'s-Gravenhage (gemeente)";30536;113
"Totaal";"1995 tot 2005";"2025";"'s-Gravenhage (gemeente)";30513;113
"Totaal";"1995 tot 2005";"2026";"'s-Gravenhage (gemeente)";30513;113
"Totaal";"1995 tot 2005";"2012";"Rotterdam";25011;102
"Totaal";"1995 tot 2005";"2013";"Rotterdam";25016;102
"Totaal";"1995 tot 2005";"2014";"Rotterdam";25031;102
"Totaal";"1995 tot 2005";"2015";"Rotterdam";25145;101
"Totaal";"1995 tot 2005";"2016";"Rotterdam";25135;101
"Totaal";"1995 tot 2005";"2017";"Rotterdam";24943;102
"Totaal";"1995 tot 2005";"2018";"Rotterdam";25031;101
"Totaal";"1995 tot 2005";"2019";"Rotterdam";25028;101
"Totaal";"1995 tot 2005";"2020";"Rotterdam";25026;101
"Totaal";"1995 tot 2005";"2021";"Rotterdam";25063;101
"Totaal";"1995 tot 2005";"2022";"Rotterdam";25097;101
"Totaal";"1995 tot 2005";"2023";"Rotterdam";25121;101
"Totaal";"1995 tot 2005";"2024";"Rotterdam";25125;101
"Totaal";"1995 tot 2005";"2025";"Rotterdam";25227;101
"Totaal";"1995 tot 2005";"2026";"Rotterdam";25406;101
"Totaal";"1995 tot 2005";"2012";"Utrecht (gemeente)";16164;109
"Totaal";"1995 tot 2005";"2013";"Utrecht (gemeente)";16197;109
"Totaal";"1995 tot 2005";"2014";"Utrecht (gemeente)";16207;110
"Totaal";"1995 tot 2005";"2015";"Utrecht (gemeente)";16205;110
"Totaal";"1995 tot 2005";"2016";"Utrecht (gemeente)";16453;109
"Totaal";"1995 tot 2005";"2017";"Utrecht (gemeente)";16461;109
"Totaal";"1995 tot 2005";"2018";"Utrecht (gemeente)";16245;110
"Totaal";"1995 tot 2005";"2019";"Utrecht (gemeente)";16247;110
"Totaal";"1995 tot 2005";"2020";"Utrecht (gemeente)";16133;110
"Totaal";"1995 tot 2005";"2021";"Utrecht (gemeente)";16167;110
"Totaal";"1995 tot 2005";"2022";"Utrecht (gemeente)";16169;110
"Totaal";"1995 tot 2005";"2023";"Utrecht (gemeente)";16163;110
"Totaal";"1995 tot 2005";"2024";"Utrecht (gemeente)";16125;110
"Totaal";"1995 tot 2005";"2025";"Utrecht (gemeente)";16126;110
"Totaal";"1995 tot 2005";"2026";"Utrecht (gemeente)";16123;110
"Totaal";"2005 tot 2015";"2012";"Nederland";489660;132
"Totaal";"2005 tot 2015";"2013";"Nederland";556368;130
"Totaal";"2005 tot 2015";"2014";"Nederland";617127;127
"Totaal";"2005 tot 2015";"2015";"Nederland";663605;126
"Totaal";"2005 tot 2015";"2016";"Nederland";673016;126
"Totaal";"2005 tot 2015";"2017";"Nederland";673373;126
"Totaal";"2005 tot 2015";"2018";"Nederland";673921;126
"Totaal";"2005 tot 2015";"2019";"Nederland";674141;126
"Totaal";"2005 tot 2015";"2020";"Nederland";673220;126
"Totaal";"2005 tot 2015";"2021";"Nederland";673012;126
"Totaal";"2005 tot 2015";"2022";"Nederland";673394;126
"Totaal";"2005 tot 2015";"2023";"Nederland";672365;126
"Totaal";"2005 tot 2015";"2024";"Nederland";672229;126
"Totaal";"2005 tot 2015";"2025";"Nederland";672689;126
"Totaal";"2005 tot 2015";"2026";"Nederland";672557;126
"Totaal";"2005 tot 2015";"2012";"Amsterdam";30840;97
"Totaal";"2005 tot 2015";"2013";"Amsterdam";33811;94
"Totaal";"2005 tot 2015";"2014";"Amsterdam";36305;92
"Totaal";"2005 tot 2015";"2015";"Amsterdam";39004;93
"Totaal";"2005 tot 2015";"2016";"Amsterdam";39923;91
"Totaal";"2005 tot 2015";"2017";"Amsterdam";39994;93
"Totaal";"2005 tot 2015";"2018";"Amsterdam";39129;94
"Totaal";"2005 tot 2015";"2019";"Amsterdam";39446;94
"Totaal";"2005 tot 2015";"2020";"Amsterdam";38919;94
"Totaal";"2005 tot 2015";"2021";"Amsterdam";38650;94
"Totaal";"2005 tot 2015";"2022";"Amsterdam";38659;95
"Totaal";"2005 tot 2015";"2023";"Amsterdam";38598;97
"Totaal";"2005 tot 2015";"2024";"Amsterdam";38625;96
"Totaal";"2005 tot 2015";"2025";"Amsterdam";38666;96
"Totaal";"2005 tot 2015";"2026";"Amsterdam";38534;97
"Totaal";"2005 tot 2015";"2012";"'s-Gravenhage (gemeente)";15049;118
"Totaal";"2005 tot 2015";"2013";"'s-Gravenhage (gemeente)";17075;117
"Totaal";"2005 tot 2015";"2014";"'s-Gravenhage (gemeente)";19249;112
"Totaal";"2005 tot 2015";"2015";"'s-Gravenhage (gemeente)";19512;112
"Totaal";"2005 tot 2015";"2016";"'s-Gravenhage (gemeente)";20141;113
"Totaal";"2005 tot 2015";"2017";"'s-Gravenhage (gemeente)";20239;112
"Totaal";"2005 tot 2015";"2018";"'s-Gravenhage (gemeente)";20119;112
"Totaal";"2005 tot 2015";"2019";"'s-Gravenhage (gemeente)";20173;112
"Totaal";"2005 tot 2015";"2020";"'s-Gravenhage (gemeente)";20147;112
"Totaal";"2005 tot 2015";"2021";"'s-Gravenhage (gemeente)";20055;113
"Totaal";"2005 tot 2015";"2022";"'s-Gravenhage (gemeente)";20056;113
"Totaal";"2005 tot 2015";"2023";"'s-Gravenhage (gemeente)";20070;113
"Totaal";"2005 tot 2015";"2024";"'s-Gravenhage (gemeente)";19754;113
"Totaal";"2005 tot 2015";"2025";"'s-Gravenhage (gemeente)";20095;113
"Totaal";"2005 tot 2015";"2026";"'s-Gravenhage (gemeente)";20100;113
"Totaal";"2005 tot 2015";"2012";"Rotterdam";18756;110
"Totaal";"2005 tot 2015";"2013";"Rotterdam";19987;110
"Totaal";"2005 tot 2015";"2014";"Rotterdam";21454;109
"Totaal";"2005 tot 2015";"2015";"Rotterdam";22607;108
"Totaal";"2005 tot 2015";"2016";"Rotterdam";22876;108
"Totaal";"2005 tot 2015";"2017";"Rotterdam";22828;108
"Totaal";"2005 tot 2015";"2018";"Rotterdam";22850;108
"Totaal";"2005 tot 2015";"2019";"Rotterdam";22849;108
"Totaal";"2005 tot 2015";"2020";"Rotterdam";22837;108
"Totaal";"2005 tot 2015";"2021";"Rotterdam";22840;108
"Totaal";"2005 tot 2015";"2022";"Rotterdam";22846;109
"Totaal";"2005 tot 2015";"2023";"Rotterdam";22854;109
"Totaal";"2005 tot 2015";"2024";"Rotterdam";22965;109
"Totaal";"2005 tot 2015";"2025";"Rotterdam";22992;109
"Totaal";"2005 tot 2015";"2026";"Rotterdam";23124;110
"Totaal";"2005 tot 2015";"2012";"Utrecht (gemeente)";16742;106
"Totaal";"2005 tot 2015";"2013";"Utrecht (gemeente)";19012;107
"Totaal";"2005 tot 2015";"2014";"Utrecht (gemeente)";19907;106
"Totaal";"2005 tot 2015";"2015";"Utrecht (gemeente)";20879;106
"Totaal";"2005 tot 2015";"2016";"Utrecht (gemeente)";20957;106
"Totaal";"2005 tot 2015";"2017";"Utrecht (gemeente)";20899;106
"Totaal";"2005 tot 2015";"2018";"Utrecht (gemeente)";21133;105
"Totaal";"2005 tot 2015";"2019";"Utrecht (gemeente)";21133;105
"Totaal";"2005 tot 2015";"2020";"Utrecht (gemeente)";21241;106
"Totaal";"2005 tot 2015";"2021";"Utrecht (gemeente)";21240;106
"Totaal";"2005 tot 2015";"2022";"Utrecht (gemeente)";21247;105
"Totaal";"2005 tot 2015";"2023";"Utrecht (gemeente)";21316;105
"Totaal";"2005 tot 2015";"2024";"Utrecht (gemeente)";21310;105
"Totaal";"2005 tot 2015";"2025";"Utrecht (gemeente)";21293;105
"Totaal";"2005 tot 2015";"2026";"Utrecht (gemeente)";21270;105
"Totaal";"2015 tot 2025";"2012";"Nederland";;
"Totaal";"2015 tot 2025";"2013";"Nederland";;
"Totaal";"2015 tot 2025";"2014";"Nederland";;
"Totaal";"2015 tot 2025";"2015";"Nederland";;
"Totaal";"2015 tot 2025";"2016";"Nederland";40823;113
"Totaal";"2015 tot 2025";"2017";"Nederland";96180;114
"Totaal";"2015 tot 2025";"2018";"Nederland";158921;114
"Totaal";"2015 tot 2025";"2019";"Nederland";225941;116
"Totaal";"2015 tot 2025";"2020";"Nederland";298675;117
"Totaal";"2015 tot 2025";"2021";"Nederland";368948;118
"Totaal";"2015 tot 2025";"2022";"Nederland";440458;118
"Totaal";"2015 tot 2025";"2023";"Nederland";514799;118
"Totaal";"2015 tot 2025";"2024";"Nederland";588510;117
"Totaal";"2015 tot 2025";"2025";"Nederland";657171;116
"Totaal";"2015 tot 2025";"2026";"Nederland";661500;116
"Totaal";"2015 tot 2025";"2012";"Amsterdam";;
"Totaal";"2015 tot 2025";"2013";"Amsterdam";;
"Totaal";"2015 tot 2025";"2014";"Amsterdam";;
"Totaal";"2015 tot 2025";"2015";"Amsterdam";;
"Totaal";"2015 tot 2025";"2016";"Amsterdam";4483;61
"Totaal";"2015 tot 2025";"2017";"Amsterdam";9727;60
"Totaal";"2015 tot 2025";"2018";"Amsterdam";15040;64
"Totaal";"2015 tot 2025";"2019";"Amsterdam";22352;66
"Totaal";"2015 tot 2025";"2020";"Amsterdam";27889;67
"Totaal";"2015 tot 2025";"2021";"Amsterdam";30484;68
"Totaal";"2015 tot 2025";"2022";"Amsterdam";36990;69
"Totaal";"2015 tot 2025";"2023";"Amsterdam";44594;69
"Totaal";"2015 tot 2025";"2024";"Amsterdam";49206;70
"Totaal";"2015 tot 2025";"2025";"Amsterdam";54888;70
"Totaal";"2015 tot 2025";"2026";"Amsterdam";55808;70
"Totaal";"2015 tot 2025";"2012";"'s-Gravenhage (gemeente)";;
"Totaal";"2015 tot 2025";"2013";"'s-Gravenhage (gemeente)";;
"Totaal";"2015 tot 2025";"2014";"'s-Gravenhage (gemeente)";;
"Totaal";"2015 tot 2025";"2015";"'s-Gravenhage (gemeente)";;
"Totaal";"2015 tot 2025";"2016";"'s-Gravenhage (gemeente)";286;107
"Totaal";"2015 tot 2025";"2017";"'s-Gravenhage (gemeente)";2060;97
"Totaal";"2015 tot 2025";"2018";"'s-Gravenhage (gemeente)";3665;92
"Totaal";"2015 tot 2025";"2019";"'s-Gravenhage (gemeente)";5290;95
"Totaal";"2015 tot 2025";"2020";"'s-Gravenhage (gemeente)";7459;92
"Totaal";"2015 tot 2025";"2021";"'s-Gravenhage (gemeente)";10230;89
"Totaal";"2015 tot 2025";"2022";"'s-Gravenhage (gemeente)";11599;91
"Totaal";"2015 tot 2025";"2023";"'s-Gravenhage (gemeente)";14090;92
"Totaal";"2015 tot 2025";"2024";"'s-Gravenhage (gemeente)";15709;91
"Totaal";"2015 tot 2025";"2025";"'s-Gravenhage (gemeente)";17524;91
"Totaal";"2015 tot 2025";"2026";"'s-Gravenhage (gemeente)";17464;91
"Totaal";"2015 tot 2025";"2012";"Rotterdam";;
"Totaal";"2015 tot 2025";"2013";"Rotterdam";;
"Totaal";"2015 tot 2025";"2014";"Rotterdam";;
"Totaal";"2015 tot 2025";"2015";"Rotterdam";;
"Totaal";"2015 tot 2025";"2016";"Rotterdam";433;112
"Totaal";"2015 tot 2025";"2017";"Rotterdam";1215;115
"Totaal";"2015 tot 2025";"2018";"Rotterdam";2785;105
"Totaal";"2015 tot 2025";"2019";"Rotterdam";3296;109
"Totaal";"2015 tot 2025";"2020";"Rotterdam";5330;111
"Totaal";"2015 tot 2025";"2021";"Rotterdam";7314;110
"Totaal";"2015 tot 2025";"2022";"Rotterdam";8422;110
"Totaal";"2015 tot 2025";"2023";"Rotterdam";10557;105
"Totaal";"2015 tot 2025";"2024";"Rotterdam";13791;105
"Totaal";"2015 tot 2025";"2025";"Rotterdam";16646;104
"Totaal";"2015 tot 2025";"2026";"Rotterdam";16664;104
"Totaal";"2015 tot 2025";"2012";"Utrecht (gemeente)";;
"Totaal";"2015 tot 2025";"2013";"Utrecht (gemeente)";;
"Totaal";"2015 tot 2025";"2014";"Utrecht (gemeente)";;
"Totaal";"2015 tot 2025";"2015";"Utrecht (gemeente)";;
"Totaal";"2015 tot 2025";"2016";"Utrecht (gemeente)";1441;96
"Totaal";"2015 tot 2025";"2017";"Utrecht (gemeente)";3437;98
"Totaal";"2015 tot 2025";"2018";"Utrecht (gemeente)";5688;96
"Totaal";"2015 tot 2025";"2019";"Utrecht (gemeente)";8138;96
"Totaal";"2015 tot 2025";"2020";"Utrecht (gemeente)";10601;93
"Totaal";"2015 tot 2025";"2021";"Utrecht (gemeente)";13059;88
"Totaal";"2015 tot 2025";"2022";"Utrecht (gemeente)";15693;86
"Totaal";"2015 tot 2025";"2023";"Utrecht (gemeente)";18610;84
"Totaal";"2015 tot 2025";"2024";"Utrecht (gemeente)";20357;84
"Totaal";"2015 tot 2025";"2025";"Utrecht (gemeente)";21942;83
"Totaal";"2015 tot 2025";"2026";"Utrecht (gemeente)";22182;83
"Eengezinswoning";"Totaal";"2012";"Nederland";4855858;138
"Eengezinswoning";"Totaal";"2013";"Nederland";4875461;139
"Eengezinswoning";"Totaal";"2014";"Nederland";4889114;139
"Eengezinswoning";"Totaal";"2015";"Nederland";4905957;139
"Eengezinswoning";"Totaal";"2016";"Nederland";4927588;139
"Eengezinswoning";"Totaal";"2017";"Nederland";4956862;140
"Eengezinswoning";"Totaal";"2018";"Nederland";4987389;140
"Eengezinswoning";"Totaal";"2019";"Nederland";5021988;140
"Eengezinswoning";"Totaal";"2020";"Nederland";5059921;140
"Eengezinswoning";"Totaal";"2021";"Nederland";5095799;141
"Eengezinswoning";"Totaal";"2022";"Nederland";5129687;142
"Eengezinswoning";"Totaal";"2023";"Nederland";5159789;143
"Eengezinswoning";"Totaal";"2024";"Nederland";5189506;143
"Eengezinswoning";"Totaal";"2025";"Nederland";5211312;144
"Eengezinswoning";"Totaal";"2026";"Nederland";5239520;144
"Eengezinswoning";"Totaal";"2012";"Amsterdam";49830;102
"Eengezinswoning";"Totaal";"2013";"Amsterdam";50087;104
"Eengezinswoning";"Totaal";"2014";"Amsterdam";50434;106
"Eengezinswoning";"Totaal";"2015";"Amsterdam";50881;107
"Eengezinswoning";"Totaal";"2016";"Amsterdam";51357;108
"Eengezinswoning";"Totaal";"2017";"Amsterdam";52176;109
"Eengezinswoning";"Totaal";"2018";"Amsterdam";52807;110
"Eengezinswoning";"Totaal";"2019";"Amsterdam";53672;112
"Eengezinswoning";"Totaal";"2020";"Amsterdam";54214;113
"Eengezinswoning";"Totaal";"2021";"Amsterdam";54380;113
"Eengezinswoning";"Totaal";"2022";"Amsterdam";54589;114
"Eengezinswoning";"Totaal";"2023";"Amsterdam";60011;116
"Eengezinswoning";"Totaal";"2024";"Amsterdam";60434;117
"Eengezinswoning";"Totaal";"2025";"Amsterdam";60593;117
"Eengezinswoning";"Totaal";"2026";"Amsterdam";61130;119
"Eengezinswoning";"Totaal";"2012";"'s-Gravenhage (gemeente)";52544;147
"Eengezinswoning";"Totaal";"2013";"'s-Gravenhage (gemeente)";53010;147
"Eengezinswoning";"Totaal";"2014";"'s-Gravenhage (gemeente)";53268;147
"Eengezinswoning";"Totaal";"2015";"'s-Gravenhage (gemeente)";53322;147
"Eengezinswoning";"Totaal";"2016";"'s-Gravenhage (gemeente)";53853;147
"Eengezinswoning";"Totaal";"2017";"'s-Gravenhage (gemeente)";54418;147
"Eengezinswoning";"Totaal";"2018";"'s-Gravenhage (gemeente)";55025;148
"Eengezinswoning";"Totaal";"2019";"'s-Gravenhage (gemeente)";55551;148
"Eengezinswoning";"Totaal";"2020";"'s-Gravenhage (gemeente)";55952;148
"Eengezinswoning";"Totaal";"2021";"'s-Gravenhage (gemeente)";56307;149
"Eengezinswoning";"Totaal";"2022";"'s-Gravenhage (gemeente)";56735;149
"Eengezinswoning";"Totaal";"2023";"'s-Gravenhage (gemeente)";57433;150
"Eengezinswoning";"Totaal";"2024";"'s-Gravenhage (gemeente)";57685;150
"Eengezinswoning";"Totaal";"2025";"'s-Gravenhage (gemeente)";58075;150
"Eengezinswoning";"Totaal";"2026";"'s-Gravenhage (gemeente)";58259;150
"Eengezinswoning";"Totaal";"2012";"Rotterdam";75897;122
"Eengezinswoning";"Totaal";"2013";"Rotterdam";76913;123
"Eengezinswoning";"Totaal";"2014";"Rotterdam";76962;122
"Eengezinswoning";"Totaal";"2015";"Rotterdam";77393;122
"Eengezinswoning";"Totaal";"2016";"Rotterdam";77609;122
"Eengezinswoning";"Totaal";"2017";"Rotterdam";78154;122
"Eengezinswoning";"Totaal";"2018";"Rotterdam";78769;123
"Eengezinswoning";"Totaal";"2019";"Rotterdam";79091;123
"Eengezinswoning";"Totaal";"2020";"Rotterdam";80196;123
"Eengezinswoning";"Totaal";"2021";"Rotterdam";81205;123
"Eengezinswoning";"Totaal";"2022";"Rotterdam";81319;123
"Eengezinswoning";"Totaal";"2023";"Rotterdam";81532;124
"Eengezinswoning";"Totaal";"2024";"Rotterdam";82682;124
"Eengezinswoning";"Totaal";"2025";"Rotterdam";83228;125
"Eengezinswoning";"Totaal";"2026";"Rotterdam";84020;125
"Eengezinswoning";"Totaal";"2012";"Utrecht (gemeente)";63571;116
"Eengezinswoning";"Totaal";"2013";"Utrecht (gemeente)";63776;117
"Eengezinswoning";"Totaal";"2014";"Utrecht (gemeente)";63864;117
"Eengezinswoning";"Totaal";"2015";"Utrecht (gemeente)";64223;117
"Eengezinswoning";"Totaal";"2016";"Utrecht (gemeente)";64911;118
"Eengezinswoning";"Totaal";"2017";"Utrecht (gemeente)";65819;118
"Eengezinswoning";"Totaal";"2018";"Utrecht (gemeente)";66678;119
"Eengezinswoning";"Totaal";"2019";"Utrecht (gemeente)";67271;119
"Eengezinswoning";"Totaal";"2020";"Utrecht (gemeente)";68037;120
"Eengezinswoning";"Totaal";"2021";"Utrecht (gemeente)";68405;120
"Eengezinswoning";"Totaal";"2022";"Utrecht (gemeente)";69117;120
"Eengezinswoning";"Totaal";"2023";"Utrecht (gemeente)";69285;120
"Eengezinswoning";"Totaal";"2024";"Utrecht (gemeente)";69471;121
"Eengezinswoning";"Totaal";"2025";"Utrecht (gemeente)";69582;121
"Eengezinswoning";"Totaal";"2026";"Utrecht (gemeente)";69949;121
"Eengezinswoning";"1000 tot 1850";"2012";"Nederland";31450;229
"Eengezinswoning";"1000 tot 1850";"2013";"Nederland";31597;231
"Eengezinswoning";"1000 tot 1850";"2014";"Nederland";31607;232
"Eengezinswoning";"1000 tot 1850";"2015";"Nederland";31613;234
"Eengezinswoning";"1000 tot 1850";"2016";"Nederland";31642;235
"Eengezinswoning";"1000 tot 1850";"2017";"Nederland";31596;235
"Eengezinswoning";"1000 tot 1850";"2018";"Nederland";31706;235
"Eengezinswoning";"1000 tot 1850";"2019";"Nederland";31707;235
"Eengezinswoning";"1000 tot 1850";"2020";"Nederland";31704;235
"Eengezinswoning";"1000 tot 1850";"2021";"Nederland";31746;237
"Eengezinswoning";"1000 tot 1850";"2022";"Nederland";31376;243
"Eengezinswoning";"1000 tot 1850";"2023";"Nederland";31401;245
"Eengezinswoning";"1000 tot 1850";"2024";"Nederland";31443;246
"Eengezinswoning";"1000 tot 1850";"2025";"Nederland";31419;246
"Eengezinswoning";"1000 tot 1850";"2026";"Nederland";32059;246
"Eengezinswoning";"1000 tot 1850";"2012";"Amsterdam";2039;150
"Eengezinswoning";"1000 tot 1850";"2013";"Amsterdam";2036;158
"Eengezinswoning";"1000 tot 1850";"2014";"Amsterdam";1939;157
"Eengezinswoning";"1000 tot 1850";"2015";"Amsterdam";1858;160
"Eengezinswoning";"1000 tot 1850";"2016";"Amsterdam";1850;166
"Eengezinswoning";"1000 tot 1850";"2017";"Amsterdam";1821;168
"Eengezinswoning";"1000 tot 1850";"2018";"Amsterdam";1825;168
"Eengezinswoning";"1000 tot 1850";"2019";"Amsterdam";1824;170
"Eengezinswoning";"1000 tot 1850";"2020";"Amsterdam";1819;170
"Eengezinswoning";"1000 tot 1850";"2021";"Amsterdam";1823;171
"Eengezinswoning";"1000 tot 1850";"2022";"Amsterdam";1465;179
"Eengezinswoning";"1000 tot 1850";"2023";"Amsterdam";1589;179
"Eengezinswoning";"1000 tot 1850";"2024";"Amsterdam";1585;180
"Eengezinswoning";"1000 tot 1850";"2025";"Amsterdam";1578;181
"Eengezinswoning";"1000 tot 1850";"2026";"Amsterdam";1596;183
"Eengezinswoning";"1000 tot 1850";"2012";"'s-Gravenhage (gemeente)";349;172
"Eengezinswoning";"1000 tot 1850";"2013";"'s-Gravenhage (gemeente)";336;168
"Eengezinswoning";"1000 tot 1850";"2014";"'s-Gravenhage (gemeente)";328;166
"Eengezinswoning";"1000 tot 1850";"2015";"'s-Gravenhage (gemeente)";323;163
"Eengezinswoning";"1000 tot 1850";"2016";"'s-Gravenhage (gemeente)";326;162
"Eengezinswoning";"1000 tot 1850";"2017";"'s-Gravenhage (gemeente)";327;159
"Eengezinswoning";"1000 tot 1850";"2018";"'s-Gravenhage (gemeente)";326;164
"Eengezinswoning";"1000 tot 1850";"2019";"'s-Gravenhage (gemeente)";328;165
"Eengezinswoning";"1000 tot 1850";"2020";"'s-Gravenhage (gemeente)";328;167
"Eengezinswoning";"1000 tot 1850";"2021";"'s-Gravenhage (gemeente)";328;167
"Eengezinswoning";"1000 tot 1850";"2022";"'s-Gravenhage (gemeente)";327;167
"Eengezinswoning";"1000 tot 1850";"2023";"'s-Gravenhage (gemeente)";322;160
"Eengezinswoning";"1000 tot 1850";"2024";"'s-Gravenhage (gemeente)";326;162
"Eengezinswoning";"1000 tot 1850";"2025";"'s-Gravenhage (gemeente)";328;164
"Eengezinswoning";"1000 tot 1850";"2026";"'s-Gravenhage (gemeente)";337;170
"Eengezinswoning";"1000 tot 1850";"2012";"Rotterdam";9;
"Eengezinswoning";"1000 tot 1850";"2013";"Rotterdam";12;
"Eengezinswoning";"1000 tot 1850";"2014";"Rotterdam";12;
"Eengezinswoning";"1000 tot 1850";"2015";"Rotterdam";12;
"Eengezinswoning";"1000 tot 1850";"2016";"Rotterdam";13;
"Eengezinswoning";"1000 tot 1850";"2017";"Rotterdam";13;
"Eengezinswoning";"1000 tot 1850";"2018";"Rotterdam";13;
"Eengezinswoning";"1000 tot 1850";"2019";"Rotterdam";13;
"Eengezinswoning";"1000 tot 1850";"2020";"Rotterdam";13;
"Eengezinswoning";"1000 tot 1850";"2021";"Rotterdam";13;
"Eengezinswoning";"1000 tot 1850";"2022";"Rotterdam";13;
"Eengezinswoning";"1000 tot 1850";"2023";"Rotterdam";13;
"Eengezinswoning";"1000 tot 1850";"2024";"Rotterdam";13;
"Eengezinswoning";"1000 tot 1850";"2025";"Rotterdam";12;
"Eengezinswoning";"1000 tot 1850";"2026";"Rotterdam";11;
"Eengezinswoning";"1000 tot 1850";"2012";"Utrecht (gemeente)";810;154
"Eengezinswoning";"1000 tot 1850";"2013";"Utrecht (gemeente)";808;155
"Eengezinswoning";"1000 tot 1850";"2014";"Utrecht (gemeente)";810;155
"Eengezinswoning";"1000 tot 1850";"2015";"Utrecht (gemeente)";817;155
"Eengezinswoning";"1000 tot 1850";"2016";"Utrecht (gemeente)";813;154
"Eengezinswoning";"1000 tot 1850";"2017";"Utrecht (gemeente)";809;152
"Eengezinswoning";"1000 tot 1850";"2018";"Utrecht (gemeente)";804;152
"Eengezinswoning";"1000 tot 1850";"2019";"Utrecht (gemeente)";805;153
"Eengezinswoning";"1000 tot 1850";"2020";"Utrecht (gemeente)";800;154
"Eengezinswoning";"1000 tot 1850";"2021";"Utrecht (gemeente)";793;155
"Eengezinswoning";"1000 tot 1850";"2022";"Utrecht (gemeente)";793;156
"Eengezinswoning";"1000 tot 1850";"2023";"Utrecht (gemeente)";786;157
"Eengezinswoning";"1000 tot 1850";"2024";"Utrecht (gemeente)";781;157
"Eengezinswoning";"1000 tot 1850";"2025";"Utrecht (gemeente)";774;156
"Eengezinswoning";"1000 tot 1850";"2026";"Utrecht (gemeente)";775;157
"Eengezinswoning";"1945 tot 1955";"2012";"Nederland";256325;124
"Eengezinswoning";"1945 tot 1955";"2013";"Nederland";254986;124
"Eengezinswoning";"1945 tot 1955";"2014";"Nederland";253594;125
"Eengezinswoning";"1945 tot 1955";"2015";"Nederland";252219;124
"Eengezinswoning";"1945 tot 1955";"2016";"Nederland";251025;125
"Eengezinswoning";"1945 tot 1955";"2017";"Nederland";250005;125
"Eengezinswoning";"1945 tot 1955";"2018";"Nederland";248589;125
"Eengezinswoning";"1945 tot 1955";"2019";"Nederland";247473;125
"Eengezinswoning";"1945 tot 1955";"2020";"Nederland";246115;125
"Eengezinswoning";"1945 tot 1955";"2021";"Nederland";245210;125
"Eengezinswoning";"1945 tot 1955";"2022";"Nederland";244225;126
"Eengezinswoning";"1945 tot 1955";"2023";"Nederland";243123;127
"Eengezinswoning";"1945 tot 1955";"2024";"Nederland";241799;126
"Eengezinswoning";"1945 tot 1955";"2025";"Nederland";240629;127
"Eengezinswoning";"1945 tot 1955";"2026";"Nederland";239516;127
"Eengezinswoning";"1945 tot 1955";"2012";"Amsterdam";3081;71
"Eengezinswoning";"1945 tot 1955";"2013";"Amsterdam";3078;72
"Eengezinswoning";"1945 tot 1955";"2014";"Amsterdam";3079;74
"Eengezinswoning";"1945 tot 1955";"2015";"Amsterdam";3081;75
"Eengezinswoning";"1945 tot 1955";"2016";"Amsterdam";3082;75
"Eengezinswoning";"1945 tot 1955";"2017";"Amsterdam";3082;76
"Eengezinswoning";"1945 tot 1955";"2018";"Amsterdam";3080;78
"Eengezinswoning";"1945 tot 1955";"2019";"Amsterdam";3121;79
"Eengezinswoning";"1945 tot 1955";"2020";"Amsterdam";3106;81
"Eengezinswoning";"1945 tot 1955";"2021";"Amsterdam";3106;81
"Eengezinswoning";"1945 tot 1955";"2022";"Amsterdam";3104;81
"Eengezinswoning";"1945 tot 1955";"2023";"Amsterdam";3558;83
"Eengezinswoning";"1945 tot 1955";"2024";"Amsterdam";3560;83
"Eengezinswoning";"1945 tot 1955";"2025";"Amsterdam";3560;84
"Eengezinswoning";"1945 tot 1955";"2026";"Amsterdam";3559;87
"Eengezinswoning";"1945 tot 1955";"2012";"'s-Gravenhage (gemeente)";1184;134
"Eengezinswoning";"1945 tot 1955";"2013";"'s-Gravenhage (gemeente)";1187;135
"Eengezinswoning";"1945 tot 1955";"2014";"'s-Gravenhage (gemeente)";1200;135
"Eengezinswoning";"1945 tot 1955";"2015";"'s-Gravenhage (gemeente)";1200;135
"Eengezinswoning";"1945 tot 1955";"2016";"'s-Gravenhage (gemeente)";1203;135
"Eengezinswoning";"1945 tot 1955";"2017";"'s-Gravenhage (gemeente)";1197;136
"Eengezinswoning";"1945 tot 1955";"2018";"'s-Gravenhage (gemeente)";1195;136
"Eengezinswoning";"1945 tot 1955";"2019";"'s-Gravenhage (gemeente)";1199;137
"Eengezinswoning";"1945 tot 1955";"2020";"'s-Gravenhage (gemeente)";1201;137
"Eengezinswoning";"1945 tot 1955";"2021";"'s-Gravenhage (gemeente)";1207;138
"Eengezinswoning";"1945 tot 1955";"2022";"'s-Gravenhage (gemeente)";1210;138
"Eengezinswoning";"1945 tot 1955";"2023";"'s-Gravenhage (gemeente)";1212;139
"Eengezinswoning";"1945 tot 1955";"2024";"'s-Gravenhage (gemeente)";1214;139
"Eengezinswoning";"1945 tot 1955";"2025";"'s-Gravenhage (gemeente)";1215;140
"Eengezinswoning";"1945 tot 1955";"2026";"'s-Gravenhage (gemeente)";1219;140
"Eengezinswoning";"1945 tot 1955";"2012";"Rotterdam";2538;104
"Eengezinswoning";"1945 tot 1955";"2013";"Rotterdam";2549;105
"Eengezinswoning";"1945 tot 1955";"2014";"Rotterdam";2548;104
"Eengezinswoning";"1945 tot 1955";"2015";"Rotterdam";2549;104
"Eengezinswoning";"1945 tot 1955";"2016";"Rotterdam";2545;104
"Eengezinswoning";"1945 tot 1955";"2017";"Rotterdam";2546;105
"Eengezinswoning";"1945 tot 1955";"2018";"Rotterdam";2548;105
"Eengezinswoning";"1945 tot 1955";"2019";"Rotterdam";2401;107
"Eengezinswoning";"1945 tot 1955";"2020";"Rotterdam";2359;108
"Eengezinswoning";"1945 tot 1955";"2021";"Rotterdam";2361;107
"Eengezinswoning";"1945 tot 1955";"2022";"Rotterdam";2359;108
"Eengezinswoning";"1945 tot 1955";"2023";"Rotterdam";2359;108
"Eengezinswoning";"1945 tot 1955";"2024";"Rotterdam";2319;109
"Eengezinswoning";"1945 tot 1955";"2025";"Rotterdam";2186;112
"Eengezinswoning";"1945 tot 1955";"2026";"Rotterdam";2232;112
"Eengezinswoning";"1945 tot 1955";"2012";"Utrecht (gemeente)";1861;97
"Eengezinswoning";"1945 tot 1955";"2013";"Utrecht (gemeente)";1862;97
"Eengezinswoning";"1945 tot 1955";"2014";"Utrecht (gemeente)";1859;97
"Eengezinswoning";"1945 tot 1955";"2015";"Utrecht (gemeente)";1858;97
"Eengezinswoning";"1945 tot 1955";"2016";"Utrecht (gemeente)";1859;97
"Eengezinswoning";"1945 tot 1955";"2017";"Utrecht (gemeente)";1853;98
"Eengezinswoning";"1945 tot 1955";"2018";"Utrecht (gemeente)";1851;98
"Eengezinswoning";"1945 tot 1955";"2019";"Utrecht (gemeente)";1851;99
"Eengezinswoning";"1945 tot 1955";"2020";"Utrecht (gemeente)";1852;99
"Eengezinswoning";"1945 tot 1955";"2021";"Utrecht (gemeente)";1863;99
"Eengezinswoning";"1945 tot 1955";"2022";"Utrecht (gemeente)";1862;97
"Eengezinswoning";"1945 tot 1955";"2023";"Utrecht (gemeente)";1851;98
"Eengezinswoning";"1945 tot 1955";"2024";"Utrecht (gemeente)";1848;98
"Eengezinswoning";"1945 tot 1955";"2025";"Utrecht (gemeente)";1844;98
"Eengezinswoning";"1945 tot 1955";"2026";"Utrecht (gemeente)";1844;98
"Eengezinswoning";"1985 tot 1995";"2012";"Nederland";699625;130
"Eengezinswoning";"1985 tot 1995";"2013";"Nederland";698133;131
"Eengezinswoning";"1985 tot 1995";"2014";"Nederland";698068;131
"Eengezinswoning";"1985 tot 1995";"2015";"Nederland";697739;131
"Eengezinswoning";"1985 tot 1995";"2016";"Nederland";697632;131
"Eengezinswoning";"1985 tot 1995";"2017";"Nederland";697197;131
"Eengezinswoning";"1985 tot 1995";"2018";"Nederland";696556;131
"Eengezinswoning";"1985 tot 1995";"2019";"Nederland";696266;132
"Eengezinswoning";"1985 tot 1995";"2020";"Nederland";695897;132
"Eengezinswoning";"1985 tot 1995";"2021";"Nederland";695819;132
"Eengezinswoning";"1985 tot 1995";"2022";"Nederland";696215;133
"Eengezinswoning";"1985 tot 1995";"2023";"Nederland";695823;134
"Eengezinswoning";"1985 tot 1995";"2024";"Nederland";695410;134
"Eengezinswoning";"1985 tot 1995";"2025";"Nederland";694458;135
"Eengezinswoning";"1985 tot 1995";"2026";"Nederland";694053;135
"Eengezinswoning";"1985 tot 1995";"2012";"Amsterdam";10548;94
"Eengezinswoning";"1985 tot 1995";"2013";"Amsterdam";10549;95
"Eengezinswoning";"1985 tot 1995";"2014";"Amsterdam";10554;96
"Eengezinswoning";"1985 tot 1995";"2015";"Amsterdam";10523;96
"Eengezinswoning";"1985 tot 1995";"2016";"Amsterdam";10517;96
"Eengezinswoning";"1985 tot 1995";"2017";"Amsterdam";10517;96
"Eengezinswoning";"1985 tot 1995";"2018";"Amsterdam";10518;97
"Eengezinswoning";"1985 tot 1995";"2019";"Amsterdam";10502;97
"Eengezinswoning";"1985 tot 1995";"2020";"Amsterdam";10476;98
"Eengezinswoning";"1985 tot 1995";"2021";"Amsterdam";10469;98
"Eengezinswoning";"1985 tot 1995";"2022";"Amsterdam";10460;98
"Eengezinswoning";"1985 tot 1995";"2023";"Amsterdam";10870;100
"Eengezinswoning";"1985 tot 1995";"2024";"Amsterdam";10866;100
"Eengezinswoning";"1985 tot 1995";"2025";"Amsterdam";10865;101
"Eengezinswoning";"1985 tot 1995";"2026";"Amsterdam";10864;101
"Eengezinswoning";"1985 tot 1995";"2012";"'s-Gravenhage (gemeente)";2362;125
"Eengezinswoning";"1985 tot 1995";"2013";"'s-Gravenhage (gemeente)";2353;125
"Eengezinswoning";"1985 tot 1995";"2014";"'s-Gravenhage (gemeente)";2349;125
"Eengezinswoning";"1985 tot 1995";"2015";"'s-Gravenhage (gemeente)";2348;125
"Eengezinswoning";"1985 tot 1995";"2016";"'s-Gravenhage (gemeente)";2348;125
"Eengezinswoning";"1985 tot 1995";"2017";"'s-Gravenhage (gemeente)";2347;125
"Eengezinswoning";"1985 tot 1995";"2018";"'s-Gravenhage (gemeente)";2288;127
"Eengezinswoning";"1985 tot 1995";"2019";"'s-Gravenhage (gemeente)";2288;128
"Eengezinswoning";"1985 tot 1995";"2020";"'s-Gravenhage (gemeente)";2290;128
"Eengezinswoning";"1985 tot 1995";"2021";"'s-Gravenhage (gemeente)";2291;128
"Eengezinswoning";"1985 tot 1995";"2022";"'s-Gravenhage (gemeente)";2288;128
"Eengezinswoning";"1985 tot 1995";"2023";"'s-Gravenhage (gemeente)";2288;128
"Eengezinswoning";"1985 tot 1995";"2024";"'s-Gravenhage (gemeente)";2287;128
"Eengezinswoning";"1985 tot 1995";"2025";"'s-Gravenhage (gemeente)";2287;129
"Eengezinswoning";"1985 tot 1995";"2026";"'s-Gravenhage (gemeente)";2279;128
"Eengezinswoning";"1985 tot 1995";"2012";"Rotterdam";11408;118
"Eengezinswoning";"1985 tot 1995";"2013";"Rotterdam";11418;118
"Eengezinswoning";"1985 tot 1995";"2014";"Rotterdam";11422;118
"Eengezinswoning";"1985 tot 1995";"2015";"Rotterdam";11412;118
"Eengezinswoning";"1985 tot 1995";"2016";"Rotterdam";11413;118
"Eengezinswoning";"1985 tot 1995";"2017";"Rotterdam";11412;118
"Eengezinswoning";"1985 tot 1995";"2018";"Rotterdam";11409;118
"Eengezinswoning";"1985 tot 1995";"2019";"Rotterdam";11413;118
"Eengezinswoning";"1985 tot 1995";"2020";"Rotterdam";11416;118
"Eengezinswoning";"1985 tot 1995";"2021";"Rotterdam";11415;115
"Eengezinswoning";"1985 tot 1995";"2022";"Rotterdam";11410;116
"Eengezinswoning";"1985 tot 1995";"2023";"Rotterdam";11408;116
"Eengezinswoning";"1985 tot 1995";"2024";"Rotterdam";11408;116
"Eengezinswoning";"1985 tot 1995";"2025";"Rotterdam";11414;116
"Eengezinswoning";"1985 tot 1995";"2026";"Rotterdam";11424;116
"Eengezinswoning";"1985 tot 1995";"2012";"Utrecht (gemeente)";4712;106
"Eengezinswoning";"1985 tot 1995";"2013";"Utrecht (gemeente)";4606;106
"Eengezinswoning";"1985 tot 1995";"2014";"Utrecht (gemeente)";4575;106
"Eengezinswoning";"1985 tot 1995";"2015";"Utrecht (gemeente)";4576;106
"Eengezinswoning";"1985 tot 1995";"2016";"Utrecht (gemeente)";4580;108
"Eengezinswoning";"1985 tot 1995";"2017";"Utrecht (gemeente)";4574;108
"Eengezinswoning";"1985 tot 1995";"2018";"Utrecht (gemeente)";4570;107
"Eengezinswoning";"1985 tot 1995";"2019";"Utrecht (gemeente)";4586;106
"Eengezinswoning";"1985 tot 1995";"2020";"Utrecht (gemeente)";4582;106
"Eengezinswoning";"1985 tot 1995";"2021";"Utrecht (gemeente)";4581;107
"Eengezinswoning";"1985 tot 1995";"2022";"Utrecht (gemeente)";4564;107
"Eengezinswoning";"1985 tot 1995";"2023";"Utrecht (gemeente)";4564;107
"Eengezinswoning";"1985 tot 1995";"2024";"Utrecht (gemeente)";4563;107
"Eengezinswoning";"1985 tot 1995";"2025";"Utrecht (gemeente)";4566;107
"Eengezinswoning";"1985 tot 1995";"2026";"Utrecht (gemeente)";4555;107
"Eengezinswoning";"1995 tot 2005";"2012";"Nederland";543619;151
"Eengezinswoning";"1995 tot 2005";"2013";"Nederland";542773;152
"Eengezinswoning";"1995 tot 2005";"2014";"Nederland";539751;152
"Eengezinswoning";"1995 tot 2005";"2015";"Nederland";539160;152
"Eengezinswoning";"1995 tot 2005";"2016";"Nederland";538657;153
"Eengezinswoning";"1995 tot 2005";"2017";"Nederland";538026;153
"Eengezinswoning";"1995 tot 2005";"2018";"Nederland";536330;153
"Eengezinswoning";"1995 tot 2005";"2019";"Nederland";535978;153
"Eengezinswoning";"1995 tot 2005";"2020";"Nederland";534930;153
"Eengezinswoning";"1995 tot 2005";"2021";"Nederland";535011;154
"Eengezinswoning";"1995 tot 2005";"2022";"Nederland";534541;155
"Eengezinswoning";"1995 tot 2005";"2023";"Nederland";534046;156
"Eengezinswoning";"1995 tot 2005";"2024";"Nederland";533608;157
"Eengezinswoning";"1995 tot 2005";"2025";"Nederland";533197;157
"Eengezinswoning";"1995 tot 2005";"2026";"Nederland";532646;157
"Eengezinswoning";"1995 tot 2005";"2012";"Amsterdam";7189;124
"Eengezinswoning";"1995 tot 2005";"2013";"Amsterdam";7191;125
"Eengezinswoning";"1995 tot 2005";"2014";"Amsterdam";7188;125
"Eengezinswoning";"1995 tot 2005";"2015";"Amsterdam";7208;125
"Eengezinswoning";"1995 tot 2005";"2016";"Amsterdam";7207;125
"Eengezinswoning";"1995 tot 2005";"2017";"Amsterdam";7212;126
"Eengezinswoning";"1995 tot 2005";"2018";"Amsterdam";7209;126
"Eengezinswoning";"1995 tot 2005";"2019";"Amsterdam";7201;126
"Eengezinswoning";"1995 tot 2005";"2020";"Amsterdam";7197;127
"Eengezinswoning";"1995 tot 2005";"2021";"Amsterdam";7176;127
"Eengezinswoning";"1995 tot 2005";"2022";"Amsterdam";7157;127
"Eengezinswoning";"1995 tot 2005";"2023";"Amsterdam";7377;129
"Eengezinswoning";"1995 tot 2005";"2024";"Amsterdam";7375;129
"Eengezinswoning";"1995 tot 2005";"2025";"Amsterdam";7342;129
"Eengezinswoning";"1995 tot 2005";"2026";"Amsterdam";7335;130
"Eengezinswoning";"1995 tot 2005";"2012";"'s-Gravenhage (gemeente)";16300;135
"Eengezinswoning";"1995 tot 2005";"2013";"'s-Gravenhage (gemeente)";16299;135
"Eengezinswoning";"1995 tot 2005";"2014";"'s-Gravenhage (gemeente)";16304;135
"Eengezinswoning";"1995 tot 2005";"2015";"'s-Gravenhage (gemeente)";16323;135
"Eengezinswoning";"1995 tot 2005";"2016";"'s-Gravenhage (gemeente)";16337;135
"Eengezinswoning";"1995 tot 2005";"2017";"'s-Gravenhage (gemeente)";16339;135
"Eengezinswoning";"1995 tot 2005";"2018";"'s-Gravenhage (gemeente)";16335;135
"Eengezinswoning";"1995 tot 2005";"2019";"'s-Gravenhage (gemeente)";16328;135
"Eengezinswoning";"1995 tot 2005";"2020";"'s-Gravenhage (gemeente)";16328;136
"Eengezinswoning";"1995 tot 2005";"2021";"'s-Gravenhage (gemeente)";16331;136
"Eengezinswoning";"1995 tot 2005";"2022";"'s-Gravenhage (gemeente)";16320;136
"Eengezinswoning";"1995 tot 2005";"2023";"'s-Gravenhage (gemeente)";16319;136
"Eengezinswoning";"1995 tot 2005";"2024";"'s-Gravenhage (gemeente)";16320;136
"Eengezinswoning";"1995 tot 2005";"2025";"'s-Gravenhage (gemeente)";16315;136
"Eengezinswoning";"1995 tot 2005";"2026";"'s-Gravenhage (gemeente)";16315;136
"Eengezinswoning";"1995 tot 2005";"2012";"Rotterdam";7235;132
"Eengezinswoning";"1995 tot 2005";"2013";"Rotterdam";7248;133
"Eengezinswoning";"1995 tot 2005";"2014";"Rotterdam";7251;132
"Eengezinswoning";"1995 tot 2005";"2015";"Rotterdam";7249;132
"Eengezinswoning";"1995 tot 2005";"2016";"Rotterdam";7248;132
"Eengezinswoning";"1995 tot 2005";"2017";"Rotterdam";7247;132
"Eengezinswoning";"1995 tot 2005";"2018";"Rotterdam";7247;132
"Eengezinswoning";"1995 tot 2005";"2019";"Rotterdam";7247;132
"Eengezinswoning";"1995 tot 2005";"2020";"Rotterdam";7245;132
"Eengezinswoning";"1995 tot 2005";"2021";"Rotterdam";7245;133
"Eengezinswoning";"1995 tot 2005";"2022";"Rotterdam";7246;133
"Eengezinswoning";"1995 tot 2005";"2023";"Rotterdam";7247;134
"Eengezinswoning";"1995 tot 2005";"2024";"Rotterdam";7248;134
"Eengezinswoning";"1995 tot 2005";"2025";"Rotterdam";7246;134
"Eengezinswoning";"1995 tot 2005";"2026";"Rotterdam";7293;135
"Eengezinswoning";"1995 tot 2005";"2012";"Utrecht (gemeente)";10219;120
"Eengezinswoning";"1995 tot 2005";"2013";"Utrecht (gemeente)";10078;120
"Eengezinswoning";"1995 tot 2005";"2014";"Utrecht (gemeente)";10071;120
"Eengezinswoning";"1995 tot 2005";"2015";"Utrecht (gemeente)";10071;120
"Eengezinswoning";"1995 tot 2005";"2016";"Utrecht (gemeente)";10071;121
"Eengezinswoning";"1995 tot 2005";"2017";"Utrecht (gemeente)";10074;121
"Eengezinswoning";"1995 tot 2005";"2018";"Utrecht (gemeente)";10075;121
"Eengezinswoning";"1995 tot 2005";"2019";"Utrecht (gemeente)";10070;121
"Eengezinswoning";"1995 tot 2005";"2020";"Utrecht (gemeente)";9949;121
"Eengezinswoning";"1995 tot 2005";"2021";"Utrecht (gemeente)";9944;121
"Eengezinswoning";"1995 tot 2005";"2022";"Utrecht (gemeente)";9936;121
"Eengezinswoning";"1995 tot 2005";"2023";"Utrecht (gemeente)";9881;122
"Eengezinswoning";"1995 tot 2005";"2024";"Utrecht (gemeente)";9880;122
"Eengezinswoning";"1995 tot 2005";"2025";"Utrecht (gemeente)";9878;122
"Eengezinswoning";"1995 tot 2005";"2026";"Utrecht (gemeente)";9879;123
"Eengezinswoning";"2005 tot 2015";"2012";"Nederland";251992;164
"Eengezinswoning";"2005 tot 2015";"2013";"Nederland";282568;163
"Eengezinswoning";"2005 tot 2015";"2014";"Nederland";304684;162
"Eengezinswoning";"2005 tot 2015";"2015";"Nederland";327219;161
"Eengezinswoning";"2005 tot 2015";"2016";"Nederland";330367;162
"Eengezinswoning";"2005 tot 2015";"2017";"Nederland";330413;162
"Eengezinswoning";"2005 tot 2015";"2018";"Nederland";331114;162
"Eengezinswoning";"2005 tot 2015";"2019";"Nederland";330238;162
"Eengezinswoning";"2005 tot 2015";"2020";"Nederland";330467;162
"Eengezinswoning";"2005 tot 2015";"2021";"Nederland";330222;162
"Eengezinswoning";"2005 tot 2015";"2022";"Nederland";330466;164
"Eengezinswoning";"2005 tot 2015";"2023";"Nederland";330226;164
"Eengezinswoning";"2005 tot 2015";"2024";"Nederland";330087;164
"Eengezinswoning";"2005 tot 2015";"2025";"Nederland";329978;164
"Eengezinswoning";"2005 tot 2015";"2026";"Nederland";329610;164
"Eengezinswoning";"2005 tot 2015";"2012";"Amsterdam";4659;135
"Eengezinswoning";"2005 tot 2015";"2013";"Amsterdam";4936;136
"Eengezinswoning";"2005 tot 2015";"2014";"Amsterdam";5262;135
"Eengezinswoning";"2005 tot 2015";"2015";"Amsterdam";5740;135
"Eengezinswoning";"2005 tot 2015";"2016";"Amsterdam";5820;136
"Eengezinswoning";"2005 tot 2015";"2017";"Amsterdam";5877;136
"Eengezinswoning";"2005 tot 2015";"2018";"Amsterdam";5838;136
"Eengezinswoning";"2005 tot 2015";"2019";"Amsterdam";5863;137
"Eengezinswoning";"2005 tot 2015";"2020";"Amsterdam";5883;138
"Eengezinswoning";"2005 tot 2015";"2021";"Amsterdam";5853;137
"Eengezinswoning";"2005 tot 2015";"2022";"Amsterdam";5883;138
"Eengezinswoning";"2005 tot 2015";"2023";"Amsterdam";6075;139
"Eengezinswoning";"2005 tot 2015";"2024";"Amsterdam";6031;140
"Eengezinswoning";"2005 tot 2015";"2025";"Amsterdam";6033;140
"Eengezinswoning";"2005 tot 2015";"2026";"Amsterdam";6036;140
"Eengezinswoning";"2005 tot 2015";"2012";"'s-Gravenhage (gemeente)";7579;142
"Eengezinswoning";"2005 tot 2015";"2013";"'s-Gravenhage (gemeente)";8103;142
"Eengezinswoning";"2005 tot 2015";"2014";"'s-Gravenhage (gemeente)";8496;142
"Eengezinswoning";"2005 tot 2015";"2015";"'s-Gravenhage (gemeente)";8551;142
"Eengezinswoning";"2005 tot 2015";"2016";"'s-Gravenhage (gemeente)";8896;141
"Eengezinswoning";"2005 tot 2015";"2017";"'s-Gravenhage (gemeente)";8674;142
"Eengezinswoning";"2005 tot 2015";"2018";"'s-Gravenhage (gemeente)";8634;142
"Eengezinswoning";"2005 tot 2015";"2019";"'s-Gravenhage (gemeente)";8639;142
"Eengezinswoning";"2005 tot 2015";"2020";"'s-Gravenhage (gemeente)";8639;143
"Eengezinswoning";"2005 tot 2015";"2021";"'s-Gravenhage (gemeente)";8639;143
"Eengezinswoning";"2005 tot 2015";"2022";"'s-Gravenhage (gemeente)";8632;143
"Eengezinswoning";"2005 tot 2015";"2023";"'s-Gravenhage (gemeente)";8633;143
"Eengezinswoning";"2005 tot 2015";"2024";"'s-Gravenhage (gemeente)";8625;143
"Eengezinswoning";"2005 tot 2015";"2025";"'s-Gravenhage (gemeente)";8617;144
"Eengezinswoning";"2005 tot 2015";"2026";"'s-Gravenhage (gemeente)";8624;144
"Eengezinswoning";"2005 tot 2015";"2012";"Rotterdam";5957;138
"Eengezinswoning";"2005 tot 2015";"2013";"Rotterdam";6308;138
"Eengezinswoning";"2005 tot 2015";"2014";"Rotterdam";6378;138
"Eengezinswoning";"2005 tot 2015";"2015";"Rotterdam";6802;138
"Eengezinswoning";"2005 tot 2015";"2016";"Rotterdam";6769;138
"Eengezinswoning";"2005 tot 2015";"2017";"Rotterdam";6732;139
"Eengezinswoning";"2005 tot 2015";"2018";"Rotterdam";6735;139
"Eengezinswoning";"2005 tot 2015";"2019";"Rotterdam";6737;139
"Eengezinswoning";"2005 tot 2015";"2020";"Rotterdam";6736;139
"Eengezinswoning";"2005 tot 2015";"2021";"Rotterdam";6738;140
"Eengezinswoning";"2005 tot 2015";"2022";"Rotterdam";6737;141
"Eengezinswoning";"2005 tot 2015";"2023";"Rotterdam";6742;141
"Eengezinswoning";"2005 tot 2015";"2024";"Rotterdam";6743;142
"Eengezinswoning";"2005 tot 2015";"2025";"Rotterdam";6752;143
"Eengezinswoning";"2005 tot 2015";"2026";"Rotterdam";6785;144
"Eengezinswoning";"2005 tot 2015";"2012";"Utrecht (gemeente)";8478;133
"Eengezinswoning";"2005 tot 2015";"2013";"Utrecht (gemeente)";9088;135
"Eengezinswoning";"2005 tot 2015";"2014";"Utrecht (gemeente)";9295;134
"Eengezinswoning";"2005 tot 2015";"2015";"Utrecht (gemeente)";9664;135
"Eengezinswoning";"2005 tot 2015";"2016";"Utrecht (gemeente)";9676;135
"Eengezinswoning";"2005 tot 2015";"2017";"Utrecht (gemeente)";9664;135
"Eengezinswoning";"2005 tot 2015";"2018";"Utrecht (gemeente)";9655;135
"Eengezinswoning";"2005 tot 2015";"2019";"Utrecht (gemeente)";9657;135
"Eengezinswoning";"2005 tot 2015";"2020";"Utrecht (gemeente)";9774;136
"Eengezinswoning";"2005 tot 2015";"2021";"Utrecht (gemeente)";9770;135
"Eengezinswoning";"2005 tot 2015";"2022";"Utrecht (gemeente)";9764;135
"Eengezinswoning";"2005 tot 2015";"2023";"Utrecht (gemeente)";9764;135
"Eengezinswoning";"2005 tot 2015";"2024";"Utrecht (gemeente)";9761;135
"Eengezinswoning";"2005 tot 2015";"2025";"Utrecht (gemeente)";9760;135
"Eengezinswoning";"2005 tot 2015";"2026";"Utrecht (gemeente)";9759;135
"Eengezinswoning";"2015 tot 2025";"2012";"Nederland";;
"Eengezinswoning";"2015 tot 2025";"2013";"Nederland";;
"Eengezinswoning";"2015 tot 2025";"2014";"Nederland";;
"Eengezinswoning";"2015 tot 2025";"2015";"Nederland";;
"Eengezinswoning";"2015 tot 2025";"2016";"Nederland";23697;142
"Eengezinswoning";"2015 tot 2025";"2017";"Nederland";57336;143
"Eengezinswoning";"2015 tot 2025";"2018";"Nederland";94928;144
"Eengezinswoning";"2015 tot 2025";"2019";"Nederland";135142;146
"Eengezinswoning";"2015 tot 2025";"2020";"Nederland";179140;148
"Eengezinswoning";"2015 tot 2025";"2021";"Nederland";220010;149
"Eengezinswoning";"2015 tot 2025";"2022";"Nederland";258718;151
"Eengezinswoning";"2015 tot 2025";"2023";"Nederland";294548;152
"Eengezinswoning";"2015 tot 2025";"2024";"Nederland";330099;153
"Eengezinswoning";"2015 tot 2025";"2025";"Nederland";358853;153
"Eengezinswoning";"2015 tot 2025";"2026";"Nederland";360333;154
"Eengezinswoning";"2015 tot 2025";"2012";"Amsterdam";;
"Eengezinswoning";"2015 tot 2025";"2013";"Amsterdam";;
"Eengezinswoning";"2015 tot 2025";"2014";"Amsterdam";;
"Eengezinswoning";"2015 tot 2025";"2015";"Amsterdam";;
"Eengezinswoning";"2015 tot 2025";"2016";"Amsterdam";424;139
"Eengezinswoning";"2015 tot 2025";"2017";"Amsterdam";1224;137
"Eengezinswoning";"2015 tot 2025";"2018";"Amsterdam";1929;139
"Eengezinswoning";"2015 tot 2025";"2019";"Amsterdam";2756;141
"Eengezinswoning";"2015 tot 2025";"2020";"Amsterdam";3341;142
"Eengezinswoning";"2015 tot 2025";"2021";"Amsterdam";3571;144
"Eengezinswoning";"2015 tot 2025";"2022";"Amsterdam";3907;144
"Eengezinswoning";"2015 tot 2025";"2023";"Amsterdam";5106;147
"Eengezinswoning";"2015 tot 2025";"2024";"Amsterdam";5569;148
"Eengezinswoning";"2015 tot 2025";"2025";"Amsterdam";5776;148
"Eengezinswoning";"2015 tot 2025";"2026";"Amsterdam";5817;149
"Eengezinswoning";"2015 tot 2025";"2012";"'s-Gravenhage (gemeente)";;
"Eengezinswoning";"2015 tot 2025";"2013";"'s-Gravenhage (gemeente)";;
"Eengezinswoning";"2015 tot 2025";"2014";"'s-Gravenhage (gemeente)";;
"Eengezinswoning";"2015 tot 2025";"2015";"'s-Gravenhage (gemeente)";;
"Eengezinswoning";"2015 tot 2025";"2016";"'s-Gravenhage (gemeente)";62;174
"Eengezinswoning";"2015 tot 2025";"2017";"'s-Gravenhage (gemeente)";822;144
"Eengezinswoning";"2015 tot 2025";"2018";"'s-Gravenhage (gemeente)";1433;148
"Eengezinswoning";"2015 tot 2025";"2019";"'s-Gravenhage (gemeente)";1925;150
"Eengezinswoning";"2015 tot 2025";"2020";"'s-Gravenhage (gemeente)";2311;153
"Eengezinswoning";"2015 tot 2025";"2021";"'s-Gravenhage (gemeente)";2661;156
"Eengezinswoning";"2015 tot 2025";"2022";"'s-Gravenhage (gemeente)";3097;159
"Eengezinswoning";"2015 tot 2025";"2023";"'s-Gravenhage (gemeente)";3786;159
"Eengezinswoning";"2015 tot 2025";"2024";"'s-Gravenhage (gemeente)";4026;159
"Eengezinswoning";"2015 tot 2025";"2025";"'s-Gravenhage (gemeente)";4465;160
"Eengezinswoning";"2015 tot 2025";"2026";"'s-Gravenhage (gemeente)";4472;161
"Eengezinswoning";"2015 tot 2025";"2012";"Rotterdam";;
"Eengezinswoning";"2015 tot 2025";"2013";"Rotterdam";;
"Eengezinswoning";"2015 tot 2025";"2014";"Rotterdam";;
"Eengezinswoning";"2015 tot 2025";"2015";"Rotterdam";;
"Eengezinswoning";"2015 tot 2025";"2016";"Rotterdam";230;140
"Eengezinswoning";"2015 tot 2025";"2017";"Rotterdam";800;130
"Eengezinswoning";"2015 tot 2025";"2018";"Rotterdam";1374;136
"Eengezinswoning";"2015 tot 2025";"2019";"Rotterdam";1856;135
"Eengezinswoning";"2015 tot 2025";"2020";"Rotterdam";2980;140
"Eengezinswoning";"2015 tot 2025";"2021";"Rotterdam";3964;143
"Eengezinswoning";"2015 tot 2025";"2022";"Rotterdam";4105;143
"Eengezinswoning";"2015 tot 2025";"2023";"Rotterdam";4327;145
"Eengezinswoning";"2015 tot 2025";"2024";"Rotterdam";5523;145
"Eengezinswoning";"2015 tot 2025";"2025";"Rotterdam";6177;146
"Eengezinswoning";"2015 tot 2025";"2026";"Rotterdam";6140;146
"Eengezinswoning";"2015 tot 2025";"2012";"Utrecht (gemeente)";;
"Eengezinswoning";"2015 tot 2025";"2013";"Utrecht (gemeente)";;
"Eengezinswoning";"2015 tot 2025";"2014";"Utrecht (gemeente)";;
"Eengezinswoning";"2015 tot 2025";"2015";"Utrecht (gemeente)";;
"Eengezinswoning";"2015 tot 2025";"2016";"Utrecht (gemeente)";685;125
"Eengezinswoning";"2015 tot 2025";"2017";"Utrecht (gemeente)";1705;131
"Eengezinswoning";"2015 tot 2025";"2018";"Utrecht (gemeente)";2680;134
"Eengezinswoning";"2015 tot 2025";"2019";"Utrecht (gemeente)";3332;138
"Eengezinswoning";"2015 tot 2025";"2020";"Utrecht (gemeente)";4178;140
"Eengezinswoning";"2015 tot 2025";"2021";"Utrecht (gemeente)";4598;140
"Eengezinswoning";"2015 tot 2025";"2022";"Utrecht (gemeente)";5352;142
"Eengezinswoning";"2015 tot 2025";"2023";"Utrecht (gemeente)";5622;143
"Eengezinswoning";"2015 tot 2025";"2024";"Utrecht (gemeente)";5833;144
"Eengezinswoning";"2015 tot 2025";"2025";"Utrecht (gemeente)";5981;145
"Eengezinswoning";"2015 tot 2025";"2026";"Utrecht (gemeente)";6016;145
"Meergezinswoning";"Totaal";"2012";"Nederland";2530885;84
"Meergezinswoning";"Totaal";"2013";"Nederland";2573837;84
"Meergezinswoning";"Totaal";"2014";"Nederland";2646202;82
"Meergezinswoning";"Totaal";"2015";"Nederland";2682007;82
"Meergezinswoning";"Totaal";"2016";"Nederland";2713735;82
"Meergezinswoning";"Totaal";"2017";"Nederland";2729313;81
"Meergezinswoning";"Totaal";"2018";"Nederland";2753595;81
"Meergezinswoning";"Totaal";"2019";"Nederland";2792924;81
"Meergezinswoning";"Totaal";"2020";"Nederland";2831865;81
"Meergezinswoning";"Totaal";"2021";"Nederland";2870532;80
"Meergezinswoning";"Totaal";"2022";"Nederland";2915893;80
"Meergezinswoning";"Totaal";"2023";"Nederland";2965440;80
"Meergezinswoning";"Totaal";"2024";"Nederland";3014543;80
"Meergezinswoning";"Totaal";"2025";"Nederland";3063166;79
"Meergezinswoning";"Totaal";"2026";"Nederland";3105433;79
"Meergezinswoning";"Totaal";"2012";"Amsterdam";359058;70
"Meergezinswoning";"Totaal";"2013";"Amsterdam";361040;70
"Meergezinswoning";"Totaal";"2014";"Amsterdam";363263;70
"Meergezinswoning";"Totaal";"2015";"Amsterdam";366085;71
"Meergezinswoning";"Totaal";"2016";"Amsterdam";373033;70
"Meergezinswoning";"Totaal";"2017";"Amsterdam";375859;70
"Meergezinswoning";"Totaal";"2018";"Amsterdam";379908;71
"Meergezinswoning";"Totaal";"2019";"Amsterdam";387818;71
"Meergezinswoning";"Totaal";"2020";"Amsterdam";393137;71
"Meergezinswoning";"Totaal";"2021";"Amsterdam";395609;71
"Meergezinswoning";"Totaal";"2022";"Amsterdam";403808;71
"Meergezinswoning";"Totaal";"2023";"Amsterdam";414855;71
"Meergezinswoning";"Totaal";"2024";"Amsterdam";420418;71
"Meergezinswoning";"Totaal";"2025";"Amsterdam";426176;71
"Meergezinswoning";"Totaal";"2026";"Amsterdam";433319;71
"Meergezinswoning";"Totaal";"2012";"'s-Gravenhage (gemeente)";188832;81
"Meergezinswoning";"Totaal";"2013";"'s-Gravenhage (gemeente)";191870;81
"Meergezinswoning";"Totaal";"2014";"'s-Gravenhage (gemeente)";196726;80
"Meergezinswoning";"Totaal";"2015";"'s-Gravenhage (gemeente)";198052;80
"Meergezinswoning";"Totaal";"2016";"'s-Gravenhage (gemeente)";199357;80
"Meergezinswoning";"Totaal";"2017";"'s-Gravenhage (gemeente)";200685;80
"Meergezinswoning";"Totaal";"2018";"'s-Gravenhage (gemeente)";201669;79
"Meergezinswoning";"Totaal";"2019";"'s-Gravenhage (gemeente)";203713;79
"Meergezinswoning";"Totaal";"2020";"'s-Gravenhage (gemeente)";206540;79
"Meergezinswoning";"Totaal";"2021";"'s-Gravenhage (gemeente)";209652;79
"Meergezinswoning";"Totaal";"2022";"'s-Gravenhage (gemeente)";210919;79
"Meergezinswoning";"Totaal";"2023";"'s-Gravenhage (gemeente)";212787;80
"Meergezinswoning";"Totaal";"2024";"'s-Gravenhage (gemeente)";214557;80
"Meergezinswoning";"Totaal";"2025";"'s-Gravenhage (gemeente)";216096;80
"Meergezinswoning";"Totaal";"2026";"'s-Gravenhage (gemeente)";216466;80
"Meergezinswoning";"Totaal";"2012";"Rotterdam";230325;81
"Meergezinswoning";"Totaal";"2013";"Rotterdam";230436;81
"Meergezinswoning";"Totaal";"2014";"Rotterdam";231329;80
"Meergezinswoning";"Totaal";"2015";"Rotterdam";233931;80
"Meergezinswoning";"Totaal";"2016";"Rotterdam";233559;80
"Meergezinswoning";"Totaal";"2017";"Rotterdam";231539;79
"Meergezinswoning";"Totaal";"2018";"Rotterdam";232567;79
"Meergezinswoning";"Totaal";"2019";"Rotterdam";232506;79
"Meergezinswoning";"Totaal";"2020";"Rotterdam";235365;79
"Meergezinswoning";"Totaal";"2021";"Rotterdam";236740;79
"Meergezinswoning";"Totaal";"2022";"Rotterdam";237891;79
"Meergezinswoning";"Totaal";"2023";"Rotterdam";239750;79
"Meergezinswoning";"Totaal";"2024";"Rotterdam";241915;79
"Meergezinswoning";"Totaal";"2025";"Rotterdam";245180;79
"Meergezinswoning";"Totaal";"2026";"Rotterdam";246600;79
"Meergezinswoning";"Totaal";"2012";"Utrecht (gemeente)";79405;80
"Meergezinswoning";"Totaal";"2013";"Utrecht (gemeente)";81347;80
"Meergezinswoning";"Totaal";"2014";"Utrecht (gemeente)";82465;80
"Meergezinswoning";"Totaal";"2015";"Utrecht (gemeente)";83288;80
"Meergezinswoning";"Totaal";"2016";"Utrecht (gemeente)";84411;80
"Meergezinswoning";"Totaal";"2017";"Utrecht (gemeente)";85590;79
"Meergezinswoning";"Totaal";"2018";"Utrecht (gemeente)";84153;80
"Meergezinswoning";"Totaal";"2019";"Utrecht (gemeente)";86574;80
"Meergezinswoning";"Totaal";"2020";"Utrecht (gemeente)";88641;79
"Meergezinswoning";"Totaal";"2021";"Utrecht (gemeente)";91266;78
"Meergezinswoning";"Totaal";"2022";"Utrecht (gemeente)";93334;77
"Meergezinswoning";"Totaal";"2023";"Utrecht (gemeente)";96115;77
"Meergezinswoning";"Totaal";"2024";"Utrecht (gemeente)";97653;76
"Meergezinswoning";"Totaal";"2025";"Utrecht (gemeente)";99154;76
"Meergezinswoning";"Totaal";"2026";"Utrecht (gemeente)";101508;76
"Meergezinswoning";"1000 tot 1850";"2012";"Nederland";45355;87
"Meergezinswoning";"1000 tot 1850";"2013";"Nederland";45837;88
"Meergezinswoning";"1000 tot 1850";"2014";"Nederland";43717;89
"Meergezinswoning";"1000 tot 1850";"2015";"Nederland";38869;91
"Meergezinswoning";"1000 tot 1850";"2016";"Nederland";39404;92
"Meergezinswoning";"1000 tot 1850";"2017";"Nederland";39025;92
"Meergezinswoning";"1000 tot 1850";"2018";"Nederland";39626;93
"Meergezinswoning";"1000 tot 1850";"2019";"Nederland";40686;92
"Meergezinswoning";"1000 tot 1850";"2020";"Nederland";41426;92
"Meergezinswoning";"1000 tot 1850";"2021";"Nederland";41926;93
"Meergezinswoning";"1000 tot 1850";"2022";"Nederland";35814;98
"Meergezinswoning";"1000 tot 1850";"2023";"Nederland";36662;98
"Meergezinswoning";"1000 tot 1850";"2024";"Nederland";37271;97
"Meergezinswoning";"1000 tot 1850";"2025";"Nederland";37986;97
"Meergezinswoning";"1000 tot 1850";"2026";"Nederland";39946;96
"Meergezinswoning";"1000 tot 1850";"2012";"Amsterdam";27634;66
"Meergezinswoning";"1000 tot 1850";"2013";"Amsterdam";27713;72
"Meergezinswoning";"1000 tot 1850";"2014";"Amsterdam";25011;72
"Meergezinswoning";"1000 tot 1850";"2015";"Amsterdam";19782;74
"Meergezinswoning";"1000 tot 1850";"2016";"Amsterdam";19882;74
"Meergezinswoning";"1000 tot 1850";"2017";"Amsterdam";19236;75
"Meergezinswoning";"1000 tot 1850";"2018";"Amsterdam";19312;75
"Meergezinswoning";"1000 tot 1850";"2019";"Amsterdam";19551;76
"Meergezinswoning";"1000 tot 1850";"2020";"Amsterdam";19626;76
"Meergezinswoning";"1000 tot 1850";"2021";"Amsterdam";19632;77
"Meergezinswoning";"1000 tot 1850";"2022";"Amsterdam";13035;83
"Meergezinswoning";"1000 tot 1850";"2023";"Amsterdam";13292;83
"Meergezinswoning";"1000 tot 1850";"2024";"Amsterdam";13324;83
"Meergezinswoning";"1000 tot 1850";"2025";"Amsterdam";13358;83
"Meergezinswoning";"1000 tot 1850";"2026";"Amsterdam";13567;83
"Meergezinswoning";"1000 tot 1850";"2012";"'s-Gravenhage (gemeente)";1146;93
"Meergezinswoning";"1000 tot 1850";"2013";"'s-Gravenhage (gemeente)";1186;91
"Meergezinswoning";"1000 tot 1850";"2014";"'s-Gravenhage (gemeente)";1208;91
"Meergezinswoning";"1000 tot 1850";"2015";"'s-Gravenhage (gemeente)";1232;92
"Meergezinswoning";"1000 tot 1850";"2016";"'s-Gravenhage (gemeente)";1224;92
"Meergezinswoning";"1000 tot 1850";"2017";"'s-Gravenhage (gemeente)";1094;96
"Meergezinswoning";"1000 tot 1850";"2018";"'s-Gravenhage (gemeente)";1114;96
"Meergezinswoning";"1000 tot 1850";"2019";"'s-Gravenhage (gemeente)";1125;96
"Meergezinswoning";"1000 tot 1850";"2020";"'s-Gravenhage (gemeente)";1127;97
"Meergezinswoning";"1000 tot 1850";"2021";"'s-Gravenhage (gemeente)";1121;96
"Meergezinswoning";"1000 tot 1850";"2022";"'s-Gravenhage (gemeente)";1138;95
"Meergezinswoning";"1000 tot 1850";"2023";"'s-Gravenhage (gemeente)";1188;95
"Meergezinswoning";"1000 tot 1850";"2024";"'s-Gravenhage (gemeente)";1195;95
"Meergezinswoning";"1000 tot 1850";"2025";"'s-Gravenhage (gemeente)";1201;95
"Meergezinswoning";"1000 tot 1850";"2026";"'s-Gravenhage (gemeente)";1199;92
"Meergezinswoning";"1000 tot 1850";"2012";"Rotterdam";11;
"Meergezinswoning";"1000 tot 1850";"2013";"Rotterdam";8;
"Meergezinswoning";"1000 tot 1850";"2014";"Rotterdam";8;
"Meergezinswoning";"1000 tot 1850";"2015";"Rotterdam";8;
"Meergezinswoning";"1000 tot 1850";"2016";"Rotterdam";8;
"Meergezinswoning";"1000 tot 1850";"2017";"Rotterdam";8;
"Meergezinswoning";"1000 tot 1850";"2018";"Rotterdam";8;
"Meergezinswoning";"1000 tot 1850";"2019";"Rotterdam";8;
"Meergezinswoning";"1000 tot 1850";"2020";"Rotterdam";8;
"Meergezinswoning";"1000 tot 1850";"2021";"Rotterdam";8;
"Meergezinswoning";"1000 tot 1850";"2022";"Rotterdam";8;
"Meergezinswoning";"1000 tot 1850";"2023";"Rotterdam";8;
"Meergezinswoning";"1000 tot 1850";"2024";"Rotterdam";8;
"Meergezinswoning";"1000 tot 1850";"2025";"Rotterdam";8;
"Meergezinswoning";"1000 tot 1850";"2026";"Rotterdam";14;
"Meergezinswoning";"1000 tot 1850";"2012";"Utrecht (gemeente)";1670;91
"Meergezinswoning";"1000 tot 1850";"2013";"Utrecht (gemeente)";1683;91
"Meergezinswoning";"1000 tot 1850";"2014";"Utrecht (gemeente)";1698;92
"Meergezinswoning";"1000 tot 1850";"2015";"Utrecht (gemeente)";1710;92
"Meergezinswoning";"1000 tot 1850";"2016";"Utrecht (gemeente)";1726;92
"Meergezinswoning";"1000 tot 1850";"2017";"Utrecht (gemeente)";1731;92
"Meergezinswoning";"1000 tot 1850";"2018";"Utrecht (gemeente)";1717;93
"Meergezinswoning";"1000 tot 1850";"2019";"Utrecht (gemeente)";1782;92
"Meergezinswoning";"1000 tot 1850";"2020";"Utrecht (gemeente)";1860;91
"Meergezinswoning";"1000 tot 1850";"2021";"Utrecht (gemeente)";1826;91
"Meergezinswoning";"1000 tot 1850";"2022";"Utrecht (gemeente)";1769;91
"Meergezinswoning";"1000 tot 1850";"2023";"Utrecht (gemeente)";1808;91
"Meergezinswoning";"1000 tot 1850";"2024";"Utrecht (gemeente)";1866;88
"Meergezinswoning";"1000 tot 1850";"2025";"Utrecht (gemeente)";1950;87
"Meergezinswoning";"1000 tot 1850";"2026";"Utrecht (gemeente)";1964;87
"Meergezinswoning";"1945 tot 1955";"2012";"Nederland";115972;73
"Meergezinswoning";"1945 tot 1955";"2013";"Nederland";115752;73
"Meergezinswoning";"1945 tot 1955";"2014";"Nederland";115497;73
"Meergezinswoning";"1945 tot 1955";"2015";"Nederland";115387;73
"Meergezinswoning";"1945 tot 1955";"2016";"Nederland";114411;73
"Meergezinswoning";"1945 tot 1955";"2017";"Nederland";113855;73
"Meergezinswoning";"1945 tot 1955";"2018";"Nederland";113408;73
"Meergezinswoning";"1945 tot 1955";"2019";"Nederland";112702;73
"Meergezinswoning";"1945 tot 1955";"2020";"Nederland";112505;73
"Meergezinswoning";"1945 tot 1955";"2021";"Nederland";112056;73
"Meergezinswoning";"1945 tot 1955";"2022";"Nederland";111732;73
"Meergezinswoning";"1945 tot 1955";"2023";"Nederland";111845;73
"Meergezinswoning";"1945 tot 1955";"2024";"Nederland";112426;73
"Meergezinswoning";"1945 tot 1955";"2025";"Nederland";112154;73
"Meergezinswoning";"1945 tot 1955";"2026";"Nederland";111593;73
"Meergezinswoning";"1945 tot 1955";"2012";"Amsterdam";13780;55
"Meergezinswoning";"1945 tot 1955";"2013";"Amsterdam";13784;55
"Meergezinswoning";"1945 tot 1955";"2014";"Amsterdam";13719;56
"Meergezinswoning";"1945 tot 1955";"2015";"Amsterdam";13905;56
"Meergezinswoning";"1945 tot 1955";"2016";"Amsterdam";13648;56
"Meergezinswoning";"1945 tot 1955";"2017";"Amsterdam";13647;56
"Meergezinswoning";"1945 tot 1955";"2018";"Amsterdam";13425;57
"Meergezinswoning";"1945 tot 1955";"2019";"Amsterdam";13207;57
"Meergezinswoning";"1945 tot 1955";"2020";"Amsterdam";12883;57
"Meergezinswoning";"1945 tot 1955";"2021";"Amsterdam";12904;57
"Meergezinswoning";"1945 tot 1955";"2022";"Amsterdam";12918;57
"Meergezinswoning";"1945 tot 1955";"2023";"Amsterdam";12850;57
"Meergezinswoning";"1945 tot 1955";"2024";"Amsterdam";12875;58
"Meergezinswoning";"1945 tot 1955";"2025";"Amsterdam";12885;58
"Meergezinswoning";"1945 tot 1955";"2026";"Amsterdam";12608;59
"Meergezinswoning";"1945 tot 1955";"2012";"'s-Gravenhage (gemeente)";14816;68
"Meergezinswoning";"1945 tot 1955";"2013";"'s-Gravenhage (gemeente)";14787;68
"Meergezinswoning";"1945 tot 1955";"2014";"'s-Gravenhage (gemeente)";14911;68
"Meergezinswoning";"1945 tot 1955";"2015";"'s-Gravenhage (gemeente)";15013;68
"Meergezinswoning";"1945 tot 1955";"2016";"'s-Gravenhage (gemeente)";15010;68
"Meergezinswoning";"1945 tot 1955";"2017";"'s-Gravenhage (gemeente)";14911;68
"Meergezinswoning";"1945 tot 1955";"2018";"'s-Gravenhage (gemeente)";14891;68
"Meergezinswoning";"1945 tot 1955";"2019";"'s-Gravenhage (gemeente)";14895;68
"Meergezinswoning";"1945 tot 1955";"2020";"'s-Gravenhage (gemeente)";14931;68
"Meergezinswoning";"1945 tot 1955";"2021";"'s-Gravenhage (gemeente)";14873;68
"Meergezinswoning";"1945 tot 1955";"2022";"'s-Gravenhage (gemeente)";14611;68
"Meergezinswoning";"1945 tot 1955";"2023";"'s-Gravenhage (gemeente)";14404;68
"Meergezinswoning";"1945 tot 1955";"2024";"'s-Gravenhage (gemeente)";14392;68
"Meergezinswoning";"1945 tot 1955";"2025";"'s-Gravenhage (gemeente)";14394;68
"Meergezinswoning";"1945 tot 1955";"2026";"'s-Gravenhage (gemeente)";14387;68
"Meergezinswoning";"1945 tot 1955";"2012";"Rotterdam";14933;68
"Meergezinswoning";"1945 tot 1955";"2013";"Rotterdam";15025;68
"Meergezinswoning";"1945 tot 1955";"2014";"Rotterdam";14985;66
"Meergezinswoning";"1945 tot 1955";"2015";"Rotterdam";15015;66
"Meergezinswoning";"1945 tot 1955";"2016";"Rotterdam";14854;66
"Meergezinswoning";"1945 tot 1955";"2017";"Rotterdam";14717;65
"Meergezinswoning";"1945 tot 1955";"2018";"Rotterdam";14588;65
"Meergezinswoning";"1945 tot 1955";"2019";"Rotterdam";14516;65
"Meergezinswoning";"1945 tot 1955";"2020";"Rotterdam";14748;66
"Meergezinswoning";"1945 tot 1955";"2021";"Rotterdam";14768;66
"Meergezinswoning";"1945 tot 1955";"2022";"Rotterdam";14778;66
"Meergezinswoning";"1945 tot 1955";"2023";"Rotterdam";14805;66
"Meergezinswoning";"1945 tot 1955";"2024";"Rotterdam";14707;66
"Meergezinswoning";"1945 tot 1955";"2025";"Rotterdam";14749;66
"Meergezinswoning";"1945 tot 1955";"2026";"Rotterdam";14576;66
"Meergezinswoning";"1945 tot 1955";"2012";"Utrecht (gemeente)";3357;68
"Meergezinswoning";"1945 tot 1955";"2013";"Utrecht (gemeente)";3357;68
"Meergezinswoning";"1945 tot 1955";"2014";"Utrecht (gemeente)";3357;68
"Meergezinswoning";"1945 tot 1955";"2015";"Utrecht (gemeente)";3376;68
"Meergezinswoning";"1945 tot 1955";"2016";"Utrecht (gemeente)";3376;68
"Meergezinswoning";"1945 tot 1955";"2017";"Utrecht (gemeente)";3404;68
"Meergezinswoning";"1945 tot 1955";"2018";"Utrecht (gemeente)";3335;68
"Meergezinswoning";"1945 tot 1955";"2019";"Utrecht (gemeente)";3340;68
"Meergezinswoning";"1945 tot 1955";"2020";"Utrecht (gemeente)";3294;68
"Meergezinswoning";"1945 tot 1955";"2021";"Utrecht (gemeente)";3294;69
"Meergezinswoning";"1945 tot 1955";"2022";"Utrecht (gemeente)";3293;68
"Meergezinswoning";"1945 tot 1955";"2023";"Utrecht (gemeente)";3260;68
"Meergezinswoning";"1945 tot 1955";"2024";"Utrecht (gemeente)";3234;67
"Meergezinswoning";"1945 tot 1955";"2025";"Utrecht (gemeente)";3039;67
"Meergezinswoning";"1945 tot 1955";"2026";"Utrecht (gemeente)";2930;68
"Meergezinswoning";"1985 tot 1995";"2012";"Nederland";304376;79
"Meergezinswoning";"1985 tot 1995";"2013";"Nederland";305538;79
"Meergezinswoning";"1985 tot 1995";"2014";"Nederland";312249;77
"Meergezinswoning";"1985 tot 1995";"2015";"Nederland";315347;77
"Meergezinswoning";"1985 tot 1995";"2016";"Nederland";318859;76
"Meergezinswoning";"1985 tot 1995";"2017";"Nederland";320934;76
"Meergezinswoning";"1985 tot 1995";"2018";"Nederland";323157;76
"Meergezinswoning";"1985 tot 1995";"2019";"Nederland";324104;76
"Meergezinswoning";"1985 tot 1995";"2020";"Nederland";326895;75
"Meergezinswoning";"1985 tot 1995";"2021";"Nederland";328969;75
"Meergezinswoning";"1985 tot 1995";"2022";"Nederland";330514;75
"Meergezinswoning";"1985 tot 1995";"2023";"Nederland";332492;74
"Meergezinswoning";"1985 tot 1995";"2024";"Nederland";334331;74
"Meergezinswoning";"1985 tot 1995";"2025";"Nederland";335809;74
"Meergezinswoning";"1985 tot 1995";"2026";"Nederland";336831;73
"Meergezinswoning";"1985 tot 1995";"2012";"Amsterdam";31230;69
"Meergezinswoning";"1985 tot 1995";"2013";"Amsterdam";31337;70
"Meergezinswoning";"1985 tot 1995";"2014";"Amsterdam";31229;70
"Meergezinswoning";"1985 tot 1995";"2015";"Amsterdam";31574;70
"Meergezinswoning";"1985 tot 1995";"2016";"Amsterdam";31968;70
"Meergezinswoning";"1985 tot 1995";"2017";"Amsterdam";32483;70
"Meergezinswoning";"1985 tot 1995";"2018";"Amsterdam";33522;71
"Meergezinswoning";"1985 tot 1995";"2019";"Amsterdam";33651;71
"Meergezinswoning";"1985 tot 1995";"2020";"Amsterdam";34271;71
"Meergezinswoning";"1985 tot 1995";"2021";"Amsterdam";34641;70
"Meergezinswoning";"1985 tot 1995";"2022";"Amsterdam";34803;70
"Meergezinswoning";"1985 tot 1995";"2023";"Amsterdam";35075;70
"Meergezinswoning";"1985 tot 1995";"2024";"Amsterdam";35704;70
"Meergezinswoning";"1985 tot 1995";"2025";"Amsterdam";36111;70
"Meergezinswoning";"1985 tot 1995";"2026";"Amsterdam";36498;70
"Meergezinswoning";"1985 tot 1995";"2012";"'s-Gravenhage (gemeente)";18281;78
"Meergezinswoning";"1985 tot 1995";"2013";"'s-Gravenhage (gemeente)";18899;77
"Meergezinswoning";"1985 tot 1995";"2014";"'s-Gravenhage (gemeente)";19682;76
"Meergezinswoning";"1985 tot 1995";"2015";"'s-Gravenhage (gemeente)";19814;75
"Meergezinswoning";"1985 tot 1995";"2016";"'s-Gravenhage (gemeente)";19821;75
"Meergezinswoning";"1985 tot 1995";"2017";"'s-Gravenhage (gemeente)";20144;74
"Meergezinswoning";"1985 tot 1995";"2018";"'s-Gravenhage (gemeente)";20194;75
"Meergezinswoning";"1985 tot 1995";"2019";"'s-Gravenhage (gemeente)";20219;75
"Meergezinswoning";"1985 tot 1995";"2020";"'s-Gravenhage (gemeente)";20218;75
"Meergezinswoning";"1985 tot 1995";"2021";"'s-Gravenhage (gemeente)";20266;75
"Meergezinswoning";"1985 tot 1995";"2022";"'s-Gravenhage (gemeente)";20296;75
"Meergezinswoning";"1985 tot 1995";"2023";"'s-Gravenhage (gemeente)";20069;76
"Meergezinswoning";"1985 tot 1995";"2024";"'s-Gravenhage (gemeente)";20084;76
"Meergezinswoning";"1985 tot 1995";"2025";"'s-Gravenhage (gemeente)";20102;76
"Meergezinswoning";"1985 tot 1995";"2026";"'s-Gravenhage (gemeente)";20105;76
"Meergezinswoning";"1985 tot 1995";"2012";"Rotterdam";27843;80
"Meergezinswoning";"1985 tot 1995";"2013";"Rotterdam";27819;80
"Meergezinswoning";"1985 tot 1995";"2014";"Rotterdam";27741;79
"Meergezinswoning";"1985 tot 1995";"2015";"Rotterdam";28948;77
"Meergezinswoning";"1985 tot 1995";"2016";"Rotterdam";28917;78
"Meergezinswoning";"1985 tot 1995";"2017";"Rotterdam";28294;78
"Meergezinswoning";"1985 tot 1995";"2018";"Rotterdam";28420;77
"Meergezinswoning";"1985 tot 1995";"2019";"Rotterdam";28506;77
"Meergezinswoning";"1985 tot 1995";"2020";"Rotterdam";28504;77
"Meergezinswoning";"1985 tot 1995";"2021";"Rotterdam";28551;77
"Meergezinswoning";"1985 tot 1995";"2022";"Rotterdam";28554;77
"Meergezinswoning";"1985 tot 1995";"2023";"Rotterdam";28610;77
"Meergezinswoning";"1985 tot 1995";"2024";"Rotterdam";28690;77
"Meergezinswoning";"1985 tot 1995";"2025";"Rotterdam";28711;77
"Meergezinswoning";"1985 tot 1995";"2026";"Rotterdam";28732;77
"Meergezinswoning";"1985 tot 1995";"2012";"Utrecht (gemeente)";6864;74
"Meergezinswoning";"1985 tot 1995";"2013";"Utrecht (gemeente)";6968;74
"Meergezinswoning";"1985 tot 1995";"2014";"Utrecht (gemeente)";7081;74
"Meergezinswoning";"1985 tot 1995";"2015";"Utrecht (gemeente)";7086;74
"Meergezinswoning";"1985 tot 1995";"2016";"Utrecht (gemeente)";7087;74
"Meergezinswoning";"1985 tot 1995";"2017";"Utrecht (gemeente)";7103;74
"Meergezinswoning";"1985 tot 1995";"2018";"Utrecht (gemeente)";7334;74
"Meergezinswoning";"1985 tot 1995";"2019";"Utrecht (gemeente)";7362;74
"Meergezinswoning";"1985 tot 1995";"2020";"Utrecht (gemeente)";7456;74
"Meergezinswoning";"1985 tot 1995";"2021";"Utrecht (gemeente)";7587;74
"Meergezinswoning";"1985 tot 1995";"2022";"Utrecht (gemeente)";7530;73
"Meergezinswoning";"1985 tot 1995";"2023";"Utrecht (gemeente)";7527;73
"Meergezinswoning";"1985 tot 1995";"2024";"Utrecht (gemeente)";7709;72
"Meergezinswoning";"1985 tot 1995";"2025";"Utrecht (gemeente)";7749;72
"Meergezinswoning";"1985 tot 1995";"2026";"Utrecht (gemeente)";7638;72
"Meergezinswoning";"1995 tot 2005";"2012";"Nederland";282771;96
"Meergezinswoning";"1995 tot 2005";"2013";"Nederland";283827;95
"Meergezinswoning";"1995 tot 2005";"2014";"Nederland";289625;93
"Meergezinswoning";"1995 tot 2005";"2015";"Nederland";291619;92
"Meergezinswoning";"1995 tot 2005";"2016";"Nederland";293218;92
"Meergezinswoning";"1995 tot 2005";"2017";"Nederland";294437;92
"Meergezinswoning";"1995 tot 2005";"2018";"Nederland";294879;91
"Meergezinswoning";"1995 tot 2005";"2019";"Nederland";296291;91
"Meergezinswoning";"1995 tot 2005";"2020";"Nederland";298200;91
"Meergezinswoning";"1995 tot 2005";"2021";"Nederland";299918;90
"Meergezinswoning";"1995 tot 2005";"2022";"Nederland";301742;90
"Meergezinswoning";"1995 tot 2005";"2023";"Nederland";302556;89
"Meergezinswoning";"1995 tot 2005";"2024";"Nederland";303362;89
"Meergezinswoning";"1995 tot 2005";"2025";"Nederland";303929;89
"Meergezinswoning";"1995 tot 2005";"2026";"Nederland";304922;88
"Meergezinswoning";"1995 tot 2005";"2012";"Amsterdam";22551;90
"Meergezinswoning";"1995 tot 2005";"2013";"Amsterdam";22477;90
"Meergezinswoning";"1995 tot 2005";"2014";"Amsterdam";22566;91
"Meergezinswoning";"1995 tot 2005";"2015";"Amsterdam";22823;90
"Meergezinswoning";"1995 tot 2005";"2016";"Amsterdam";23373;89
"Meergezinswoning";"1995 tot 2005";"2017";"Amsterdam";23913;88
"Meergezinswoning";"1995 tot 2005";"2018";"Amsterdam";24215;89
"Meergezinswoning";"1995 tot 2005";"2019";"Amsterdam";24524;88
"Meergezinswoning";"1995 tot 2005";"2020";"Amsterdam";25038;88
"Meergezinswoning";"1995 tot 2005";"2021";"Amsterdam";24988;88
"Meergezinswoning";"1995 tot 2005";"2022";"Amsterdam";25610;88
"Meergezinswoning";"1995 tot 2005";"2023";"Amsterdam";25857;88
"Meergezinswoning";"1995 tot 2005";"2024";"Amsterdam";26275;87
"Meergezinswoning";"1995 tot 2005";"2025";"Amsterdam";25436;88
"Meergezinswoning";"1995 tot 2005";"2026";"Amsterdam";25425;88
"Meergezinswoning";"1995 tot 2005";"2012";"'s-Gravenhage (gemeente)";13128;87
"Meergezinswoning";"1995 tot 2005";"2013";"'s-Gravenhage (gemeente)";13396;86
"Meergezinswoning";"1995 tot 2005";"2014";"'s-Gravenhage (gemeente)";13241;86
"Meergezinswoning";"1995 tot 2005";"2015";"'s-Gravenhage (gemeente)";13346;86
"Meergezinswoning";"1995 tot 2005";"2016";"'s-Gravenhage (gemeente)";13338;86
"Meergezinswoning";"1995 tot 2005";"2017";"'s-Gravenhage (gemeente)";13393;86
"Meergezinswoning";"1995 tot 2005";"2018";"'s-Gravenhage (gemeente)";13612;86
"Meergezinswoning";"1995 tot 2005";"2019";"'s-Gravenhage (gemeente)";13923;86
"Meergezinswoning";"1995 tot 2005";"2020";"'s-Gravenhage (gemeente)";14002;86
"Meergezinswoning";"1995 tot 2005";"2021";"'s-Gravenhage (gemeente)";14109;86
"Meergezinswoning";"1995 tot 2005";"2022";"'s-Gravenhage (gemeente)";14173;86
"Meergezinswoning";"1995 tot 2005";"2023";"'s-Gravenhage (gemeente)";14177;86
"Meergezinswoning";"1995 tot 2005";"2024";"'s-Gravenhage (gemeente)";14216;86
"Meergezinswoning";"1995 tot 2005";"2025";"'s-Gravenhage (gemeente)";14198;86
"Meergezinswoning";"1995 tot 2005";"2026";"'s-Gravenhage (gemeente)";14198;86
"Meergezinswoning";"1995 tot 2005";"2012";"Rotterdam";17776;90
"Meergezinswoning";"1995 tot 2005";"2013";"Rotterdam";17768;90
"Meergezinswoning";"1995 tot 2005";"2014";"Rotterdam";17780;89
"Meergezinswoning";"1995 tot 2005";"2015";"Rotterdam";17896;89
"Meergezinswoning";"1995 tot 2005";"2016";"Rotterdam";17887;89
"Meergezinswoning";"1995 tot 2005";"2017";"Rotterdam";17696;89
"Meergezinswoning";"1995 tot 2005";"2018";"Rotterdam";17784;88
"Meergezinswoning";"1995 tot 2005";"2019";"Rotterdam";17781;88
"Meergezinswoning";"1995 tot 2005";"2020";"Rotterdam";17781;88
"Meergezinswoning";"1995 tot 2005";"2021";"Rotterdam";17818;88
"Meergezinswoning";"1995 tot 2005";"2022";"Rotterdam";17851;88
"Meergezinswoning";"1995 tot 2005";"2023";"Rotterdam";17874;88
"Meergezinswoning";"1995 tot 2005";"2024";"Rotterdam";17877;88
"Meergezinswoning";"1995 tot 2005";"2025";"Rotterdam";17981;88
"Meergezinswoning";"1995 tot 2005";"2026";"Rotterdam";18113;88
"Meergezinswoning";"1995 tot 2005";"2012";"Utrecht (gemeente)";5945;91
"Meergezinswoning";"1995 tot 2005";"2013";"Utrecht (gemeente)";6119;92
"Meergezinswoning";"1995 tot 2005";"2014";"Utrecht (gemeente)";6136;92
"Meergezinswoning";"1995 tot 2005";"2015";"Utrecht (gemeente)";6134;92
"Meergezinswoning";"1995 tot 2005";"2016";"Utrecht (gemeente)";6382;92
"Meergezinswoning";"1995 tot 2005";"2017";"Utrecht (gemeente)";6387;92
"Meergezinswoning";"1995 tot 2005";"2018";"Utrecht (gemeente)";6170;92
"Meergezinswoning";"1995 tot 2005";"2019";"Utrecht (gemeente)";6177;92
"Meergezinswoning";"1995 tot 2005";"2020";"Utrecht (gemeente)";6184;92
"Meergezinswoning";"1995 tot 2005";"2021";"Utrecht (gemeente)";6223;91
"Meergezinswoning";"1995 tot 2005";"2022";"Utrecht (gemeente)";6233;91
"Meergezinswoning";"1995 tot 2005";"2023";"Utrecht (gemeente)";6282;91
"Meergezinswoning";"1995 tot 2005";"2024";"Utrecht (gemeente)";6245;92
"Meergezinswoning";"1995 tot 2005";"2025";"Utrecht (gemeente)";6248;92
"Meergezinswoning";"1995 tot 2005";"2026";"Utrecht (gemeente)";6244;91
"Meergezinswoning";"2005 tot 2015";"2012";"Nederland";237668;98
"Meergezinswoning";"2005 tot 2015";"2013";"Nederland";273800;96
"Meergezinswoning";"2005 tot 2015";"2014";"Nederland";312443;93
"Meergezinswoning";"2005 tot 2015";"2015";"Nederland";336386;92
"Meergezinswoning";"2005 tot 2015";"2016";"Nederland";342649;91
"Meergezinswoning";"2005 tot 2015";"2017";"Nederland";342960;92
"Meergezinswoning";"2005 tot 2015";"2018";"Nederland";342807;92
"Meergezinswoning";"2005 tot 2015";"2019";"Nederland";343903;91
"Meergezinswoning";"2005 tot 2015";"2020";"Nederland";342753;91
"Meergezinswoning";"2005 tot 2015";"2021";"Nederland";342790;90
"Meergezinswoning";"2005 tot 2015";"2022";"Nederland";342928;90
"Meergezinswoning";"2005 tot 2015";"2023";"Nederland";342139;90
"Meergezinswoning";"2005 tot 2015";"2024";"Nederland";342142;89
"Meergezinswoning";"2005 tot 2015";"2025";"Nederland";342711;89
"Meergezinswoning";"2005 tot 2015";"2026";"Nederland";342947;89
"Meergezinswoning";"2005 tot 2015";"2012";"Amsterdam";26181;90
"Meergezinswoning";"2005 tot 2015";"2013";"Amsterdam";28875;87
"Meergezinswoning";"2005 tot 2015";"2014";"Amsterdam";31043;85
"Meergezinswoning";"2005 tot 2015";"2015";"Amsterdam";33264;85
"Meergezinswoning";"2005 tot 2015";"2016";"Amsterdam";34103;84
"Meergezinswoning";"2005 tot 2015";"2017";"Amsterdam";34117;85
"Meergezinswoning";"2005 tot 2015";"2018";"Amsterdam";33291;87
"Meergezinswoning";"2005 tot 2015";"2019";"Amsterdam";33583;86
"Meergezinswoning";"2005 tot 2015";"2020";"Amsterdam";33036;86
"Meergezinswoning";"2005 tot 2015";"2021";"Amsterdam";32797;87
"Meergezinswoning";"2005 tot 2015";"2022";"Amsterdam";32776;87
"Meergezinswoning";"2005 tot 2015";"2023";"Amsterdam";32523;89
"Meergezinswoning";"2005 tot 2015";"2024";"Amsterdam";32594;89
"Meergezinswoning";"2005 tot 2015";"2025";"Amsterdam";32633;89
"Meergezinswoning";"2005 tot 2015";"2026";"Amsterdam";32498;89
"Meergezinswoning";"2005 tot 2015";"2012";"'s-Gravenhage (gemeente)";7470;95
"Meergezinswoning";"2005 tot 2015";"2013";"'s-Gravenhage (gemeente)";8972;95
"Meergezinswoning";"2005 tot 2015";"2014";"'s-Gravenhage (gemeente)";10753;89
"Meergezinswoning";"2005 tot 2015";"2015";"'s-Gravenhage (gemeente)";10961;90
"Meergezinswoning";"2005 tot 2015";"2016";"'s-Gravenhage (gemeente)";11245;90
"Meergezinswoning";"2005 tot 2015";"2017";"'s-Gravenhage (gemeente)";11565;90
"Meergezinswoning";"2005 tot 2015";"2018";"'s-Gravenhage (gemeente)";11485;89
"Meergezinswoning";"2005 tot 2015";"2019";"'s-Gravenhage (gemeente)";11534;89
"Meergezinswoning";"2005 tot 2015";"2020";"'s-Gravenhage (gemeente)";11508;89
"Meergezinswoning";"2005 tot 2015";"2021";"'s-Gravenhage (gemeente)";11416;90
"Meergezinswoning";"2005 tot 2015";"2022";"'s-Gravenhage (gemeente)";11424;90
"Meergezinswoning";"2005 tot 2015";"2023";"'s-Gravenhage (gemeente)";11437;90
"Meergezinswoning";"2005 tot 2015";"2024";"'s-Gravenhage (gemeente)";11129;89
"Meergezinswoning";"2005 tot 2015";"2025";"'s-Gravenhage (gemeente)";11478;90
"Meergezinswoning";"2005 tot 2015";"2026";"'s-Gravenhage (gemeente)";11476;90
"Meergezinswoning";"2005 tot 2015";"2012";"Rotterdam";12799;97
"Meergezinswoning";"2005 tot 2015";"2013";"Rotterdam";13679;97
"Meergezinswoning";"2005 tot 2015";"2014";"Rotterdam";15076;96
"Meergezinswoning";"2005 tot 2015";"2015";"Rotterdam";15805;95
"Meergezinswoning";"2005 tot 2015";"2016";"Rotterdam";16107;96
"Meergezinswoning";"2005 tot 2015";"2017";"Rotterdam";16096;95
"Meergezinswoning";"2005 tot 2015";"2018";"Rotterdam";16115;95
"Meergezinswoning";"2005 tot 2015";"2019";"Rotterdam";16112;95
"Meergezinswoning";"2005 tot 2015";"2020";"Rotterdam";16101;95
"Meergezinswoning";"2005 tot 2015";"2021";"Rotterdam";16102;95
"Meergezinswoning";"2005 tot 2015";"2022";"Rotterdam";16109;95
"Meergezinswoning";"2005 tot 2015";"2023";"Rotterdam";16112;95
"Meergezinswoning";"2005 tot 2015";"2024";"Rotterdam";16222;95
"Meergezinswoning";"2005 tot 2015";"2025";"Rotterdam";16240;95
"Meergezinswoning";"2005 tot 2015";"2026";"Rotterdam";16339;95
"Meergezinswoning";"2005 tot 2015";"2012";"Utrecht (gemeente)";8264;80
"Meergezinswoning";"2005 tot 2015";"2013";"Utrecht (gemeente)";9924;81
"Meergezinswoning";"2005 tot 2015";"2014";"Utrecht (gemeente)";10612;81
"Meergezinswoning";"2005 tot 2015";"2015";"Utrecht (gemeente)";11215;81
"Meergezinswoning";"2005 tot 2015";"2016";"Utrecht (gemeente)";11281;81
"Meergezinswoning";"2005 tot 2015";"2017";"Utrecht (gemeente)";11235;80
"Meergezinswoning";"2005 tot 2015";"2018";"Utrecht (gemeente)";11478;80
"Meergezinswoning";"2005 tot 2015";"2019";"Utrecht (gemeente)";11476;80
"Meergezinswoning";"2005 tot 2015";"2020";"Utrecht (gemeente)";11467;80
"Meergezinswoning";"2005 tot 2015";"2021";"Utrecht (gemeente)";11470;80
"Meergezinswoning";"2005 tot 2015";"2022";"Utrecht (gemeente)";11483;80
"Meergezinswoning";"2005 tot 2015";"2023";"Utrecht (gemeente)";11552;80
"Meergezinswoning";"2005 tot 2015";"2024";"Utrecht (gemeente)";11549;80
"Meergezinswoning";"2005 tot 2015";"2025";"Utrecht (gemeente)";11533;80
"Meergezinswoning";"2005 tot 2015";"2026";"Utrecht (gemeente)";11511;80
"Meergezinswoning";"2015 tot 2025";"2012";"Nederland";;
"Meergezinswoning";"2015 tot 2025";"2013";"Nederland";;
"Meergezinswoning";"2015 tot 2025";"2014";"Nederland";;
"Meergezinswoning";"2015 tot 2025";"2015";"Nederland";;
"Meergezinswoning";"2015 tot 2025";"2016";"Nederland";17126;72
"Meergezinswoning";"2015 tot 2025";"2017";"Nederland";38844;70
"Meergezinswoning";"2015 tot 2025";"2018";"Nederland";63993;70
"Meergezinswoning";"2015 tot 2025";"2019";"Nederland";90799;71
"Meergezinswoning";"2015 tot 2025";"2020";"Nederland";119535;71
"Meergezinswoning";"2015 tot 2025";"2021";"Nederland";148938;71
"Meergezinswoning";"2015 tot 2025";"2022";"Nederland";181740;71
"Meergezinswoning";"2015 tot 2025";"2023";"Nederland";220251;71
"Meergezinswoning";"2015 tot 2025";"2024";"Nederland";258411;71
"Meergezinswoning";"2015 tot 2025";"2025";"Nederland";298318;71
"Meergezinswoning";"2015 tot 2025";"2026";"Nederland";301167;71
"Meergezinswoning";"2015 tot 2025";"2012";"Amsterdam";;
"Meergezinswoning";"2015 tot 2025";"2013";"Amsterdam";;
"Meergezinswoning";"2015 tot 2025";"2014";"Amsterdam";;
"Meergezinswoning";"2015 tot 2025";"2015";"Amsterdam";;
"Meergezinswoning";"2015 tot 2025";"2016";"Amsterdam";4059;53
"Meergezinswoning";"2015 tot 2025";"2017";"Amsterdam";8503;49
"Meergezinswoning";"2015 tot 2025";"2018";"Amsterdam";13111;52
"Meergezinswoning";"2015 tot 2025";"2019";"Amsterdam";19596;55
"Meergezinswoning";"2015 tot 2025";"2020";"Amsterdam";24548;57
"Meergezinswoning";"2015 tot 2025";"2021";"Amsterdam";26913;58
"Meergezinswoning";"2015 tot 2025";"2022";"Amsterdam";33083;60
"Meergezinswoning";"2015 tot 2025";"2023";"Amsterdam";39488;59
"Meergezinswoning";"2015 tot 2025";"2024";"Amsterdam";43637;60
"Meergezinswoning";"2015 tot 2025";"2025";"Amsterdam";49112;60
"Meergezinswoning";"2015 tot 2025";"2026";"Amsterdam";49991;60
"Meergezinswoning";"2015 tot 2025";"2012";"'s-Gravenhage (gemeente)";;
"Meergezinswoning";"2015 tot 2025";"2013";"'s-Gravenhage (gemeente)";;
"Meergezinswoning";"2015 tot 2025";"2014";"'s-Gravenhage (gemeente)";;
"Meergezinswoning";"2015 tot 2025";"2015";"'s-Gravenhage (gemeente)";;
"Meergezinswoning";"2015 tot 2025";"2016";"'s-Gravenhage (gemeente)";224;88
"Meergezinswoning";"2015 tot 2025";"2017";"'s-Gravenhage (gemeente)";1238;66
"Meergezinswoning";"2015 tot 2025";"2018";"'s-Gravenhage (gemeente)";2232;56
"Meergezinswoning";"2015 tot 2025";"2019";"'s-Gravenhage (gemeente)";3365;63
"Meergezinswoning";"2015 tot 2025";"2020";"'s-Gravenhage (gemeente)";5148;64
"Meergezinswoning";"2015 tot 2025";"2021";"'s-Gravenhage (gemeente)";7569;66
"Meergezinswoning";"2015 tot 2025";"2022";"'s-Gravenhage (gemeente)";8502;66
"Meergezinswoning";"2015 tot 2025";"2023";"'s-Gravenhage (gemeente)";10304;67
"Meergezinswoning";"2015 tot 2025";"2024";"'s-Gravenhage (gemeente)";11683;68
"Meergezinswoning";"2015 tot 2025";"2025";"'s-Gravenhage (gemeente)";13059;67
"Meergezinswoning";"2015 tot 2025";"2026";"'s-Gravenhage (gemeente)";12992;68
"Meergezinswoning";"2015 tot 2025";"2012";"Rotterdam";;
"Meergezinswoning";"2015 tot 2025";"2013";"Rotterdam";;
"Meergezinswoning";"2015 tot 2025";"2014";"Rotterdam";;
"Meergezinswoning";"2015 tot 2025";"2015";"Rotterdam";;
"Meergezinswoning";"2015 tot 2025";"2016";"Rotterdam";203;81
"Meergezinswoning";"2015 tot 2025";"2017";"Rotterdam";415;86
"Meergezinswoning";"2015 tot 2025";"2018";"Rotterdam";1411;75
"Meergezinswoning";"2015 tot 2025";"2019";"Rotterdam";1440;76
"Meergezinswoning";"2015 tot 2025";"2020";"Rotterdam";2350;75
"Meergezinswoning";"2015 tot 2025";"2021";"Rotterdam";3350;71
"Meergezinswoning";"2015 tot 2025";"2022";"Rotterdam";4317;78
"Meergezinswoning";"2015 tot 2025";"2023";"Rotterdam";6230;78
"Meergezinswoning";"2015 tot 2025";"2024";"Rotterdam";8268;79
"Meergezinswoning";"2015 tot 2025";"2025";"Rotterdam";10469;80
"Meergezinswoning";"2015 tot 2025";"2026";"Rotterdam";10524;80
"Meergezinswoning";"2015 tot 2025";"2012";"Utrecht (gemeente)";;
"Meergezinswoning";"2015 tot 2025";"2013";"Utrecht (gemeente)";;
"Meergezinswoning";"2015 tot 2025";"2014";"Utrecht (gemeente)";;
"Meergezinswoning";"2015 tot 2025";"2015";"Utrecht (gemeente)";;
"Meergezinswoning";"2015 tot 2025";"2016";"Utrecht (gemeente)";756;70
"Meergezinswoning";"2015 tot 2025";"2017";"Utrecht (gemeente)";1732;66
"Meergezinswoning";"2015 tot 2025";"2018";"Utrecht (gemeente)";3008;61
"Meergezinswoning";"2015 tot 2025";"2019";"Utrecht (gemeente)";4806;67
"Meergezinswoning";"2015 tot 2025";"2020";"Utrecht (gemeente)";6423;63
"Meergezinswoning";"2015 tot 2025";"2021";"Utrecht (gemeente)";8461;59
"Meergezinswoning";"2015 tot 2025";"2022";"Utrecht (gemeente)";10341;57
"Meergezinswoning";"2015 tot 2025";"2023";"Utrecht (gemeente)";12988;58
"Meergezinswoning";"2015 tot 2025";"2024";"Utrecht (gemeente)";14524;59
"Meergezinswoning";"2015 tot 2025";"2025";"Utrecht (gemeente)";15961;60
"Meergezinswoning";"2015 tot 2025";"2026";"Utrecht (gemeente)";16166;60
